image,order-num,price,product-link,product-name,rate-num,rate-percent,sku,store-link,store-name,unit
https://ae01.alicdn.com/kf/HTB1ljstMXXXXXcpXpXXq6xXFXXXB/2015-New-Fashion-Floral-Print-Women-Dress-Autumn-Winter-Casual-Long-Sleeve-Dresses-Plus-Size-Dress.jpg,19301,US $14.87 - 17.14,"www.aliexpress.com/item/2015-New-Fashion-Floral-Print-Women-Dress-Autumn-Winter-Casual-Long-Sleeve-Dresses-Plus-Size-Dress/32446069992.html?ws_ab_test=searchweb0_0,searchweb201602_1_10152_10066_10151_10065_10068_10136_10137_10138_10060_10062_10141_10056_10055_10054_10059_10099_10103_10102_10096_10148_10147_10052_10053_10050_10107_10142_10051_10143_10084_10083_10119_10080_10082_10081_10110_10111_10112_10113_10114_130_10078_10079_10073_10070_10123_10120_10124,searchweb201603_1,afswitch_1_afChannel,ppcSwitch_4&btsid=3393a979-f76c-46e2-a256-a14b0ede6c09&algo_expid=0b54093b-07c0-46e5-bbba-886606367009-0&algo_pvid=0b54093b-07c0-46e5-bbba-886606367009",BONGOR LUSS Plus Size Women Clothing Spring Fashion Flower Print Women Dress Ladies Long Sleeve Casual Autumn Dresses Vestidos,9214,4.7,20 Colors Available,www.aliexpress.com/store/602424,BONGOR LUSS Official Store,piece
https://ae01.alicdn.com/kf/HTB1_CZxPFXXXXbfXXXXq6xXFXXXC/New-Women-Lace-Dresses-Casual-Long-Black-Short-Sleeve-O-Neck-See-Through-Beach-Wear-H54.jpg,12979,US $3.96 - 4.03,"www.aliexpress.com/item/New-Women-Lace-Dresses-Casual-Long-Black-Short-Sleeve-O-Neck-See-Through-Beach-Wear-H54/32648054428.html?ws_ab_test=searchweb0_0,searchweb201602_1_10152_10066_10151_10065_10068_10136_10137_10138_10060_10062_10141_10056_10055_10054_10059_10099_10103_10102_10096_10148_10147_10052_10053_10050_10107_10142_10051_10143_10084_10083_10119_10080_10082_10081_10110_10111_10112_10113_10114_130_10078_10079_10073_10070_10123_10120_10124,searchweb201603_1,afswitch_1_afChannel,ppcSwitch_4&btsid=3393a979-f76c-46e2-a256-a14b0ede6c09&algo_expid=0b54093b-07c0-46e5-bbba-886606367009-1&algo_pvid=0b54093b-07c0-46e5-bbba-886606367009",New Women Lace Dress Casual Long Black Short Sleeve O Neck See Through Beach Wear Dresses B4,10318,4.8,2 Colors Available,www.aliexpress.com/store/2069017,Smile Win the World 2016,piece
https://ae01.alicdn.com/kf/HTB1xPPcMVXXXXc5XFXXq6xXFXXXP/Yifan-2016-New-Fashion-Casual-Women-Summer-Dress-Elegant-Ladies-Sexy-Solid-Color-Short-Sleeve-Office.jpg,12164,US $6.16 - 6.61,"www.aliexpress.com/item/Yifan-2016-New-Fashion-Casual-Women-Summer-Dress-Elegant-Ladies-Sexy-Solid-Color-Short-Sleeve-Office/32719512603.html?ws_ab_test=searchweb0_0,searchweb201602_1_10152_10066_10151_10065_10068_10136_10137_10138_10060_10062_10141_10056_10055_10054_10059_10099_10103_10102_10096_10148_10147_10052_10053_10050_10107_10142_10051_10143_10084_10083_10119_10080_10082_10081_10110_10111_10112_10113_10114_130_10078_10079_10073_10070_10123_10120_10124,searchweb201603_1,afswitch_1_afChannel,ppcSwitch_4&btsid=3393a979-f76c-46e2-a256-a14b0ede6c09&algo_expid=0b54093b-07c0-46e5-bbba-886606367009-2&algo_pvid=0b54093b-07c0-46e5-bbba-886606367009",2017 New Fashion Casual Summer Autumn Women Dress Elegant Ladies Sexy Solid Color Short Sleeve Office Dresses Female Vestidos,2208,4.7,3 Colors Available,www.aliexpress.com/store/2214104,ShenZhen Yifan Store,piece
https://ae01.alicdn.com/kf/HTB1lOlqOVXXXXazapXXq6xXFXXXd/Fashion-Women-Floral-Lace-Dress-Short-Sleeve-Summer-Party-Casual-Mini-Dress.jpg,11342,US $6.28 - 7.04,"www.aliexpress.com/item/Fashion-Women-Floral-Lace-Dress-Short-Sleeve-Summer-Party-Casual-Mini-Dress/32654352610.html?ws_ab_test=searchweb0_0,searchweb201602_1_10152_10066_10151_10065_10068_10136_10137_10138_10060_10062_10141_10056_10055_10054_10059_10099_10103_10102_10096_10148_10147_10052_10053_10050_10107_10142_10051_10143_10084_10083_10119_10080_10082_10081_10110_10111_10112_10113_10114_130_10078_10079_10073_10070_10123_10120_10124,searchweb201603_1,afswitch_1_afChannel,ppcSwitch_4&btsid=3393a979-f76c-46e2-a256-a14b0ede6c09&algo_expid=0b54093b-07c0-46e5-bbba-886606367009-3&algo_pvid=0b54093b-07c0-46e5-bbba-886606367009",Women Floral Lace Dresses Short Sleeve Party Casual Color Blue Red Black Mini Dress,9339,4.7,3 Colors Available,www.aliexpress.com/store/2139223,Small Fly Elephant,piece
https://ae01.alicdn.com/kf/HTB1jzp9NXXXXXaLXXXXq6xXFXXX2/2015-Explosions-Leisure-Vintage-Dresses-Autumn-Fall-Women-Plaid-Check-Print-Spring-Casual-Shirt-Dress-Mini.jpg,10599,US $9.49 - 10.44,"www.aliexpress.com/item/2015-Explosions-Leisure-Vintage-Dresses-Autumn-Fall-Women-Plaid-Check-Print-Spring-Casual-Shirt-Dress-Mini/32559190185.html?ws_ab_test=searchweb0_0,searchweb201602_1_10152_10066_10151_10065_10068_10136_10137_10138_10060_10062_10141_10056_10055_10054_10059_10099_10103_10102_10096_10148_10147_10052_10053_10050_10107_10142_10051_10143_10084_10083_10119_10080_10082_10081_10110_10111_10112_10113_10114_130_10078_10079_10073_10070_10123_10120_10124,searchweb201603_1,afswitch_1_afChannel,ppcSwitch_4&btsid=3393a979-f76c-46e2-a256-a14b0ede6c09&algo_expid=0b54093b-07c0-46e5-bbba-886606367009-4&algo_pvid=0b54093b-07c0-46e5-bbba-886606367009",2015  Explosions Leisure Vintage Dresses Autumn Fall Women Plaid Check Print Spring Casual Shirt Dress Mini Q0035,9863,4.7,3 Colors Available,www.aliexpress.com/store/620039,Smile Fish Fashion (Offer Drop Shipping),piece
https://ae01.alicdn.com/kf/HTB12HwDJXXXXXb2XXXXq6xXFXXXU/Fashion-Women-Sexy-Backless-Basic-Dresses-Sleeveless-Slim-Vestidos-Vest-Tanks-Bodycon-Dress-Strap-Solid-Party.jpg,10291,US $4.04 - 4.49,"www.aliexpress.com/item/Fashion-Women-Sexy-Backless-Basic-Dresses-Sleeveless-Slim-Vestidos-Vest-Tanks-Bodycon-Dress-Strap-Solid-Party/32243075158.html?ws_ab_test=searchweb0_0,searchweb201602_1_10152_10066_10151_10065_10068_10136_10137_10138_10060_10062_10141_10056_10055_10054_10059_10099_10103_10102_10096_10148_10147_10052_10053_10050_10107_10142_10051_10143_10084_10083_10119_10080_10082_10081_10110_10111_10112_10113_10114_130_10078_10079_10073_10070_10123_10120_10124,searchweb201603_1,afswitch_1_afChannel,ppcSwitch_4&btsid=3393a979-f76c-46e2-a256-a14b0ede6c09&algo_expid=0b54093b-07c0-46e5-bbba-886606367009-5&algo_pvid=0b54093b-07c0-46e5-bbba-886606367009",Fashion Women Sexy Backless Basic Dresses Sleeveless Slim Vestidos Vest Tanks Bodycon Dress Strap Solid Party Dress NQ657420,4726,4.8,7 Colors Available,www.aliexpress.com/store/1026163,Lucky Star Shop ^_^,piece
https://ae01.alicdn.com/kf/HTB1PyqrOpXXXXadXFXXq6xXFXXX2/2016-Fashion-one-shoulder-Blue-striped-women-shirt-dress-Sexy-side-split-Elegant-half-sleeve-waistband.jpg,10232,US $8.27,"www.aliexpress.com/item/2016-Fashion-one-shoulder-Blue-striped-women-shirt-dress-Sexy-side-split-Elegant-half-sleeve-waistband/32717728328.html?ws_ab_test=searchweb0_0,searchweb201602_1_10152_10066_10151_10065_10068_10136_10137_10138_10060_10062_10141_10056_10055_10054_10059_10099_10103_10102_10096_10148_10147_10052_10053_10050_10107_10142_10051_10143_10084_10083_10119_10080_10082_10081_10110_10111_10112_10113_10114_130_10078_10079_10073_10070_10123_10120_10124,searchweb201603_1,afswitch_1_afChannel,ppcSwitch_4&btsid=3393a979-f76c-46e2-a256-a14b0ede6c09&algo_expid=0b54093b-07c0-46e5-bbba-886606367009-6&algo_pvid=0b54093b-07c0-46e5-bbba-886606367009",2017 Fashion one shoulder Blue striped women shirt dress Sexy side split Elegant half sleeve waistband Casual beach dresses,2629,4.8,,www.aliexpress.com/store/2227048,MOARCHO MOARCHO Store,piece
https://ae01.alicdn.com/kf/HTB1hZKLPpXXXXcLaXXXq6xXFXXXB/S-XL-Warm-Lace-Patchwork-Women-Dress-O-Neck-Casual-Bodycon-Party-dresses-With-Tassel-Plus.jpg,10111,US $9.20,"www.aliexpress.com/item/S-XL-Warm-Lace-Patchwork-Women-Dress-O-Neck-Casual-Bodycon-Party-dresses-With-Tassel-Plus/32560204129.html?ws_ab_test=searchweb0_0,searchweb201602_1_10152_10066_10151_10065_10068_10136_10137_10138_10060_10062_10141_10056_10055_10054_10059_10099_10103_10102_10096_10148_10147_10052_10053_10050_10107_10142_10051_10143_10084_10083_10119_10080_10082_10081_10110_10111_10112_10113_10114_130_10078_10079_10073_10070_10123_10120_10124,searchweb201603_1,afswitch_1_afChannel,ppcSwitch_4&btsid=3393a979-f76c-46e2-a256-a14b0ede6c09&algo_expid=0b54093b-07c0-46e5-bbba-886606367009-7&algo_pvid=0b54093b-07c0-46e5-bbba-886606367009",Kaywide Lace Patchwork Women Dress O Neck Casual Bodycon Party dresses With Tassel  Plus Size Long Sleeve Ladis Dress Vestidos,4267,4.8,4 Colors Available,www.aliexpress.com/store/424562,KAYWIDE Authority store,piece
https://ae01.alicdn.com/kf/HTB1aWW2NFXXXXc3XFXXq6xXFXXXt/Women-s-Sexy-Slim-Fashion-Europe-Style-High-Neck-Clubwear-Night-Wear-Bodycon-Wrap-Dresses-KH950173.jpg,9613,US $6.34 - 7.37,"www.aliexpress.com/item/Women-s-Sexy-Slim-Fashion-Europe-Style-High-Neck-Clubwear-Night-Wear-Bodycon-Wrap-Dresses-KH950173/32319870544.html?ws_ab_test=searchweb0_0,searchweb201602_1_10152_10066_10151_10065_10068_10136_10137_10138_10060_10062_10141_10056_10055_10054_10059_10099_10103_10102_10096_10148_10147_10052_10053_10050_10107_10142_10051_10143_10084_10083_10119_10080_10082_10081_10110_10111_10112_10113_10114_130_10078_10079_10073_10070_10123_10120_10124,searchweb201603_1,afswitch_1_afChannel,ppcSwitch_4&btsid=3393a979-f76c-46e2-a256-a14b0ede6c09&algo_expid=0b54093b-07c0-46e5-bbba-886606367009-8&algo_pvid=0b54093b-07c0-46e5-bbba-886606367009",Women's Sexy Slim Fashion Europe Style High Neck Clubwear Night Wear Bodycon Dresses 8 Colors KH950173,8713,4.8,11 Colors Available,www.aliexpress.com/store/539815,Fashion Value Store,piece
https://ae01.alicdn.com/kf/HTB1opN8KVXXXXbhXXXXq6xXFXXXs/Women-Fashion-Little-Black-Dress-New-2015-Autumn-Sexy-Casual-Vestidos-Long-Sleeve-Bandage-Short-Dress.jpg,9553,US $8.45,"www.aliexpress.com/item/Women-Fashion-Little-Black-Dress-New-2015-Autumn-Sexy-Casual-Vestidos-Long-Sleeve-Bandage-Short-Dress/32614437832.html?ws_ab_test=searchweb0_0,searchweb201602_1_10152_10066_10151_10065_10068_10136_10137_10138_10060_10062_10141_10056_10055_10054_10059_10099_10103_10102_10096_10148_10147_10052_10053_10050_10107_10142_10051_10143_10084_10083_10119_10080_10082_10081_10110_10111_10112_10113_10114_130_10078_10079_10073_10070_10123_10120_10124,searchweb201603_1,afswitch_1_afChannel,ppcSwitch_4&btsid=3393a979-f76c-46e2-a256-a14b0ede6c09&algo_expid=0b54093b-07c0-46e5-bbba-886606367009-9&algo_pvid=0b54093b-07c0-46e5-bbba-886606367009",New 2016  Women Summer Autumn Sexy Casual dress Fashion elegent  Black Dress Vestidos Long Sleeve Dress,4886,4.8,,www.aliexpress.com/store/1760101,EIFER EIFER Store,piece
https://ae01.alicdn.com/kf/HTB1K0nwNFXXXXc1aXXXq6xXFXXXr/Bodycon-Sheath-Dress-Long-Sleeve-Party-Sexy-Dresses-Women-Clothing-Back-Full-Zipper-Robe-Sexy-Femme.jpg,9159,US $9.99,"www.aliexpress.com/item/Bodycon-Sheath-Dress-Long-Sleeve-Party-Sexy-Dresses-Women-Clothing-Back-Full-Zipper-Robe-Sexy-Femme/32678551390.html?ws_ab_test=searchweb0_0,searchweb201602_1_10152_10066_10151_10065_10068_10136_10137_10138_10060_10062_10141_10056_10055_10054_10059_10099_10103_10102_10096_10148_10147_10052_10053_10050_10107_10142_10051_10143_10084_10083_10119_10080_10082_10081_10110_10111_10112_10113_10114_130_10078_10079_10073_10070_10123_10120_10124,searchweb201603_1,afswitch_1_afChannel,ppcSwitch_4&btsid=3393a979-f76c-46e2-a256-a14b0ede6c09&algo_expid=0b54093b-07c0-46e5-bbba-886606367009-10&algo_pvid=0b54093b-07c0-46e5-bbba-886606367009",Gamiss Bodycon Sheath Dress Long Sleeve Party Sexy Dresses Women Clothing Back Full Zipper Robe Sexy Pencil Tight Dress Vestidos,10021,4.7,5 Colors Available,www.aliexpress.com/store/211739,Sammydress Group Co. Ltd,piece
https://ae01.alicdn.com/kf/HTB1hUelKVXXXXapXFXXq6xXFXXXG/New-Korean-Women-Ladies-Off-Shoulder-Long-Sleeve-Bodycon-Party-Casual-Autumn-Novelty-Dress-Knitwear-Clothing.jpg,8624,US $6.92 - 7.56,"www.aliexpress.com/item/New-Korean-Women-Ladies-Off-Shoulder-Long-Sleeve-Bodycon-Party-Casual-Autumn-Novelty-Dress-Knitwear-Clothing/1479544908.html?ws_ab_test=searchweb0_0,searchweb201602_1_10152_10066_10151_10065_10068_10136_10137_10138_10060_10062_10141_10056_10055_10054_10059_10099_10103_10102_10096_10148_10147_10052_10053_10050_10107_10142_10051_10143_10084_10083_10119_10080_10082_10081_10110_10111_10112_10113_10114_130_10078_10079_10073_10070_10123_10120_10124,searchweb201603_1,afswitch_1_afChannel,ppcSwitch_4&btsid=3393a979-f76c-46e2-a256-a14b0ede6c09&algo_expid=0b54093b-07c0-46e5-bbba-886606367009-11&algo_pvid=0b54093b-07c0-46e5-bbba-886606367009",GZDL Fashion Autumn Winter Women Sweater Knitted Dress Long Sleeve Bodycon Stretch Woman Solid Casual Party Lady Dresses CL1114,9647,4.7,2 Colors Available,www.aliexpress.com/store/817570,GZDL Speciality Store,piece
https://ae01.alicdn.com/kf/HTB1KzFhPFXXXXbZXFXXq6xXFXXXg/Sexy-Night-Club-Bodycon-Sheath-Dress-Winter-Fall-Long-Sleeve-Dress-Women-Fashion-Back-Zipper-Knee.jpg,8189,US $9.99 - 11.05,"www.aliexpress.com/item/Sexy-Night-Club-Bodycon-Sheath-Dress-Winter-Fall-Long-Sleeve-Dress-Women-Fashion-Back-Zipper-Knee/32602255273.html?ws_ab_test=searchweb0_0,searchweb201602_1_10152_10066_10151_10065_10068_10136_10137_10138_10060_10062_10141_10056_10055_10054_10059_10099_10103_10102_10096_10148_10147_10052_10053_10050_10107_10142_10051_10143_10084_10083_10119_10080_10082_10081_10110_10111_10112_10113_10114_130_10078_10079_10073_10070_10123_10120_10124,searchweb201603_1,afswitch_1_afChannel,ppcSwitch_4&btsid=3393a979-f76c-46e2-a256-a14b0ede6c09&algo_expid=0b54093b-07c0-46e5-bbba-886606367009-12&algo_pvid=0b54093b-07c0-46e5-bbba-886606367009",VESTLINDA Bodycon Sheath Dress Little Black Long Sleeve Party Dresses Women Back Full Zipper Robe Sexy Femme Pencil Tight Dress,9771,4.7,5 Colors Available,www.aliexpress.com/store/1981386,VESTLINDA Mordern Store,piece
https://ae01.alicdn.com/kf/HTB1v4WEOFXXXXc1XVXXq6xXFXXX4/2016-Fashion-women-Elegant-Vintage-sweet-lace-white-Dress-stylish-sexy-slash-neck-casual-slim-beach.jpg,8147,US $7.00,"www.aliexpress.com/item/2016-Fashion-women-Elegant-Vintage-sweet-lace-white-Dress-stylish-sexy-slash-neck-casual-slim-beach/32686243536.html?ws_ab_test=searchweb0_0,searchweb201602_1_10152_10066_10151_10065_10068_10136_10137_10138_10060_10062_10141_10056_10055_10054_10059_10099_10103_10102_10096_10148_10147_10052_10053_10050_10107_10142_10051_10143_10084_10083_10119_10080_10082_10081_10110_10111_10112_10113_10114_130_10078_10079_10073_10070_10123_10120_10124,searchweb201603_1,afswitch_1_afChannel,ppcSwitch_4&btsid=3393a979-f76c-46e2-a256-a14b0ede6c09&algo_expid=0b54093b-07c0-46e5-bbba-886606367009-13&algo_pvid=0b54093b-07c0-46e5-bbba-886606367009",2016 Fashion women Elegant Vintage sweet lace white Dress stylish sexy slash neck casual slim beach Summer Sundress vestidos,1743,4.8,2 Colors Available,www.aliexpress.com/store/2225108,MUICHES MUICHES Store,piece
https://ae01.alicdn.com/kf/HTB1F4t8IFXXXXXRXVXXq6xXFXXXN/2015-spring-summer-autumn-new-Korean-Women-casual-Bohemian-floral-sleeveless-vest-printed-beach-chiffon-dress.jpg,8129,US $3.99,"www.aliexpress.com/item/2015-spring-summer-autumn-new-Korean-Women-casual-Bohemian-floral-sleeveless-vest-printed-beach-chiffon-dress/2055512777.html?ws_ab_test=searchweb0_0,searchweb201602_1_10152_10066_10151_10065_10068_10136_10137_10138_10060_10062_10141_10056_10055_10054_10059_10099_10103_10102_10096_10148_10147_10052_10053_10050_10107_10142_10051_10143_10084_10083_10119_10080_10082_10081_10110_10111_10112_10113_10114_130_10078_10079_10073_10070_10123_10120_10124,searchweb201603_1,afswitch_1_afChannel,ppcSwitch_4&btsid=3393a979-f76c-46e2-a256-a14b0ede6c09&algo_expid=0b54093b-07c0-46e5-bbba-886606367009-14&algo_pvid=0b54093b-07c0-46e5-bbba-886606367009",2017 summer autumn new Korean Women casual Bohemian floral leopard sleeveless vest printed beach chiffon dress vestidos WC0344,6150,4.8,19 Colors Available,www.aliexpress.com/store/319411,Idealark Official Store,piece
https://ae01.alicdn.com/kf/HTB1xGXWNpXXXXcVaXXXq6xXFXXXG/SheIn-Women-Brown-Velvet-Sheath-Dresses-Summer-Ladies-Round-Neck-Short-Sleeve-Knee-Length-Elegant-Pencil.jpg,7924,US $9.97,"www.aliexpress.com/item/SheIn-Women-Brown-Velvet-Sheath-Dresses-Summer-Ladies-Round-Neck-Short-Sleeve-Knee-Length-Elegant-Pencil/32736396056.html?ws_ab_test=searchweb0_0,searchweb201602_1_10152_10066_10151_10065_10068_10136_10137_10138_10060_10062_10141_10056_10055_10054_10059_10099_10103_10102_10096_10148_10147_10052_10053_10050_10107_10142_10051_10143_10084_10083_10119_10080_10082_10081_10110_10111_10112_10113_10114_130_10078_10079_10073_10070_10123_10120_10124,searchweb201603_1,afswitch_1_afChannel,ppcSwitch_4&btsid=3393a979-f76c-46e2-a256-a14b0ede6c09&algo_expid=0b54093b-07c0-46e5-bbba-886606367009-15&algo_pvid=0b54093b-07c0-46e5-bbba-886606367009",SheIn Women Brown Velvet Sheath Dresses Summer Ladies Round Neck Short Sleeve Knee Length Elegant Pencil Dress,7445,4.9,,www.aliexpress.com/store/1159363,SheIn Official Store,piece
https://ae01.alicdn.com/kf/HTB1RjRIOXXXXXcqXVXXq6xXFXXXs/2015-Cotton-Knitted-Long-Sleeve-Knee-Length-Midi-Dress-Slim-Bodycon-Bandage-Autumn-Black-Wine-Red.jpg,7579,US $8.99,"www.aliexpress.com/item/2015-Cotton-Knitted-Long-Sleeve-Knee-Length-Midi-Dress-Slim-Bodycon-Bandage-Autumn-Black-Wine-Red/32524956507.html?ws_ab_test=searchweb0_0,searchweb201602_1_10152_10066_10151_10065_10068_10136_10137_10138_10060_10062_10141_10056_10055_10054_10059_10099_10103_10102_10096_10148_10147_10052_10053_10050_10107_10142_10051_10143_10084_10083_10119_10080_10082_10081_10110_10111_10112_10113_10114_130_10078_10079_10073_10070_10123_10120_10124,searchweb201603_1,afswitch_1_afChannel,ppcSwitch_4&btsid=3393a979-f76c-46e2-a256-a14b0ede6c09&algo_expid=0b54093b-07c0-46e5-bbba-886606367009-16&algo_pvid=0b54093b-07c0-46e5-bbba-886606367009",2017 Long Sleeve Knee Length Midi Dress Slim Bodycon Bandage Autumn Black Wine Red Women Dresses Bandage Vestidos Q0001,11115,4.7,5 Colors Available,www.aliexpress.com/store/629451,iFashion (Hong Kong) Limited,piece
https://ae01.alicdn.com/kf/HTB1TBHELXXXXXc7XFXXq6xXFXXXn/Long-sleeve-winter-women-sexy-Criss-nigh-club-wear-bandage-bodycon-party-dresses-white-black-red.jpg,6887,US $8.41 - 9.58,"www.aliexpress.com/item/Long-sleeve-winter-women-sexy-Criss-nigh-club-wear-bandage-bodycon-party-dresses-white-black-red/32470827775.html?ws_ab_test=searchweb0_0,searchweb201602_1_10152_10066_10151_10065_10068_10136_10137_10138_10060_10062_10141_10056_10055_10054_10059_10099_10103_10102_10096_10148_10147_10052_10053_10050_10107_10142_10051_10143_10084_10083_10119_10080_10082_10081_10110_10111_10112_10113_10114_130_10078_10079_10073_10070_10123_10120_10124,searchweb201603_1,afswitch_1_afChannel,ppcSwitch_4&btsid=3393a979-f76c-46e2-a256-a14b0ede6c09&algo_expid=0b54093b-07c0-46e5-bbba-886606367009-17&algo_pvid=0b54093b-07c0-46e5-bbba-886606367009",Blue Black White Long Sleeve Elastic Cotton Warm Winter Elegant Party Dresses 2015 Sexy Midi Pencil Club Bandage Bodycon Dress,5275,4.7,5 Colors Available,www.aliexpress.com/store/1736343,ForeFair Apparel Store,piece
https://ae01.alicdn.com/kf/HTB1_CDbJVXXXXc2XFXXq6xXFXXXU/Vestidos-Sexy-Ruffles-Women-Dress-Summer-Style-Sleeveless-Bodycon-Dresses-Party-Cocktail-Short-Mini-Tube-Beach.jpg,6437,US $8.40,"www.aliexpress.com/item/Vestidos-Sexy-Ruffles-Women-Dress-Summer-Style-Sleeveless-Bodycon-Dresses-Party-Cocktail-Short-Mini-Tube-Beach/32670051085.html?ws_ab_test=searchweb0_0,searchweb201602_1_10152_10066_10151_10065_10068_10136_10137_10138_10060_10062_10141_10056_10055_10054_10059_10099_10103_10102_10096_10148_10147_10052_10053_10050_10107_10142_10051_10143_10084_10083_10119_10080_10082_10081_10110_10111_10112_10113_10114_130_10078_10079_10073_10070_10123_10120_10124,searchweb201603_1,afswitch_1_afChannel,ppcSwitch_4&btsid=3393a979-f76c-46e2-a256-a14b0ede6c09&algo_expid=0b54093b-07c0-46e5-bbba-886606367009-18&algo_pvid=0b54093b-07c0-46e5-bbba-886606367009",Vestidos Sexy Ruffles Women Dress Summer Sleeveless Casual A Line Bodycon Dresses Party Cocktail Short Mini Tube Beach Dress,3209,4.8,6 Colors Available,www.aliexpress.com/store/2166072,YDY,piece
https://ae01.alicdn.com/kf/HTB1gB_kJVXXXXb3XVXXq6xXFXXXR/Feitong-2016-New-Summer-Sexy-Dresses-For-Womens-Bodycon-Strappy-V-Neck-Floral-Lace-Party-Dress.jpg,6422,US $6.67 - 7.52,"www.aliexpress.com/item/Feitong-2016-New-Summer-Sexy-Dresses-For-Womens-Bodycon-Strappy-V-Neck-Floral-Lace-Party-Dress/32621668766.html?ws_ab_test=searchweb0_0,searchweb201602_1_10152_10066_10151_10065_10068_10136_10137_10138_10060_10062_10141_10056_10055_10054_10059_10099_10103_10102_10096_10148_10147_10052_10053_10050_10107_10142_10051_10143_10084_10083_10119_10080_10082_10081_10110_10111_10112_10113_10114_130_10078_10079_10073_10070_10123_10120_10124,searchweb201603_1,afswitch_1_afChannel,ppcSwitch_4&btsid=3393a979-f76c-46e2-a256-a14b0ede6c09&algo_expid=0b54093b-07c0-46e5-bbba-886606367009-19&algo_pvid=0b54093b-07c0-46e5-bbba-886606367009",Feitong 2017 Summer Party Dresses Women Sexy Strappy Deep V Neck Lace Bodycon Bandage Knee-Length Dress vestidos feminino mujer ,3755,4.7,,www.aliexpress.com/store/222858,Feitong,piece
https://ae01.alicdn.com/kf/HTB1OMlYKpXXXXalXXXXq6xXFXXX4/Women-Ladies-A-Word-Chiffon-Casual-OL-Dress-With-Belt-S-M-L-XL-XXL-Plus.jpg,6259,US $5.86 - 6.41,"www.aliexpress.com/item/Women-Ladies-A-Word-Chiffon-Casual-OL-Dress-With-Belt-S-M-L-XL-XXL-Plus/32682425694.html?ws_ab_test=searchweb0_0,searchweb201602_1_10152_10066_10151_10065_10068_10136_10137_10138_10060_10062_10141_10056_10055_10054_10059_10099_10103_10102_10096_10148_10147_10052_10053_10050_10107_10142_10051_10143_10084_10083_10119_10080_10082_10081_10110_10111_10112_10113_10114_130_10078_10079_10073_10070_10123_10120_10124,searchweb201603_1,afswitch_1_afChannel,ppcSwitch_4&btsid=3393a979-f76c-46e2-a256-a14b0ede6c09&algo_expid=0b54093b-07c0-46e5-bbba-886606367009-20&algo_pvid=0b54093b-07c0-46e5-bbba-886606367009",2017 Fashion Women's Short Sleeve Stretch Chiffon Casual OL Belt Mini Dress Vestidos,553,4.7,2 Colors Available,www.aliexpress.com/store/2010024,Baby Garden 2016,piece
https://ae01.alicdn.com/kf/HTB1OvumOVXXXXcqXFXXq6xXFXXXs/COLROVE-Work-Summer-Style-Women-Bodycon-Dresses-Sexy-2016-New-Arrival-Casual-Green-Crew-Neck-Half.jpg,6250,US $11.99,"www.aliexpress.com/item/COLROVE-Work-Summer-Style-Women-Bodycon-Dresses-Sexy-2016-New-Arrival-Casual-Green-Crew-Neck-Half/32655446818.html?ws_ab_test=searchweb0_0,searchweb201602_1_10152_10066_10151_10065_10068_10136_10137_10138_10060_10062_10141_10056_10055_10054_10059_10099_10103_10102_10096_10148_10147_10052_10053_10050_10107_10142_10051_10143_10084_10083_10119_10080_10082_10081_10110_10111_10112_10113_10114_130_10078_10079_10073_10070_10123_10120_10124,searchweb201603_1,afswitch_1_afChannel,ppcSwitch_4&btsid=3393a979-f76c-46e2-a256-a14b0ede6c09&algo_expid=0b54093b-07c0-46e5-bbba-886606367009-21&algo_pvid=0b54093b-07c0-46e5-bbba-886606367009",COLROVIE Work Summer Style Women Bodycon Dresses Sexy 2017 New Arrival Casual Green Crew Neck Half Sleeve Midi Dress,7001,4.9,,www.aliexpress.com/store/1157573,COLROVIE Official Store,piece
https://ae01.alicdn.com/kf/HTB1arYNOXXXXXXwaXXXq6xXFXXXb/2016-New-Style-Summer-Dress-Sleeveless-Floral-Print-Casual-Women-Dress-Above-Knee-Mini-Vestidos-Plus.jpg,6198,US $6.49,"www.aliexpress.com/item/2016-New-Style-Summer-Dress-Sleeveless-Floral-Print-Casual-Women-Dress-Above-Knee-Mini-Vestidos-Plus/32691910416.html?ws_ab_test=searchweb0_0,searchweb201602_1_10152_10066_10151_10065_10068_10136_10137_10138_10060_10062_10141_10056_10055_10054_10059_10099_10103_10102_10096_10148_10147_10052_10053_10050_10107_10142_10051_10143_10084_10083_10119_10080_10082_10081_10110_10111_10112_10113_10114_130_10078_10079_10073_10070_10123_10120_10124,searchweb201603_1,afswitch_1_afChannel,ppcSwitch_4&btsid=3393a979-f76c-46e2-a256-a14b0ede6c09&algo_expid=0b54093b-07c0-46e5-bbba-886606367009-22&algo_pvid=0b54093b-07c0-46e5-bbba-886606367009",Vestidos 2017 New Style Summer Dress Sleeveless Floral Print Casual Women Dress Above Knee Plus Size Women Clothing Dresses,54,4.4,21 Colors Available,www.aliexpress.com/store/611514,BaoHui Fashion Stores,piece
https://ae01.alicdn.com/kf/HTB1MQ2KPpXXXXaxaXXXq6xXFXXXd/New-Bodycon-Peplum-Flower-Lace-Dress-Floral-Vestidos-Slash-o-neck-Sexy-Short-Evening-Women-Dress.jpg,6059,US $8.88,"www.aliexpress.com/item/New-Bodycon-Peplum-Flower-Lace-Dress-Floral-Vestidos-Slash-o-neck-Sexy-Short-Evening-Women-Dress/32573384332.html?ws_ab_test=searchweb0_0,searchweb201602_1_10152_10066_10151_10065_10068_10136_10137_10138_10060_10062_10141_10056_10055_10054_10059_10099_10103_10102_10096_10148_10147_10052_10053_10050_10107_10142_10051_10143_10084_10083_10119_10080_10082_10081_10110_10111_10112_10113_10114_130_10078_10079_10073_10070_10123_10120_10124,searchweb201603_1,afswitch_1_afChannel,ppcSwitch_4&btsid=3393a979-f76c-46e2-a256-a14b0ede6c09&algo_expid=0b54093b-07c0-46e5-bbba-886606367009-23&algo_pvid=0b54093b-07c0-46e5-bbba-886606367009",New Bodycon Peplum Flower Lace Dress Floral Vestidos Slash o-neck Sexy Short Evening Women Dress Clothing Plus Size Black White,5308,4.8,2 Colors Available,www.aliexpress.com/store/413596,DealPark,piece
https://ae01.alicdn.com/kf/HTB1rZhdPVXXXXbDXFXXq6xXFXXXC/Gagaopt-2016-95-Cotton-Long-Summer-Dress-Sexy-Bodycon-Party-Dresses-Casual-Women-Dress-Robe-Longue.jpg,5920,US $12.97 - 14.40,"www.aliexpress.com/item/Gagaopt-2016-95-Cotton-Long-Summer-Dress-Sexy-Bodycon-Party-Dresses-Casual-Women-Dress-Robe-Longue/32702964660.html?ws_ab_test=searchweb0_0,searchweb201602_1_10152_10066_10151_10065_10068_10136_10137_10138_10060_10062_10141_10056_10055_10054_10059_10099_10103_10102_10096_10148_10147_10052_10053_10050_10107_10142_10051_10143_10084_10083_10119_10080_10082_10081_10110_10111_10112_10113_10114_130_10078_10079_10073_10070_10123_10120_10124,searchweb201603_1,afswitch_1_afChannel,ppcSwitch_4&btsid=3393a979-f76c-46e2-a256-a14b0ede6c09&algo_expid=0b54093b-07c0-46e5-bbba-886606367009-24&algo_pvid=0b54093b-07c0-46e5-bbba-886606367009",Gagalook 2016 Brand Summer Dress Women Black Robe Sexy Bodycon Office Midi Party Dresses Vestidos D0746,6678,4.9,6 Colors Available,www.aliexpress.com/store/1503978,gagalook mylook Store,piece
https://ae01.alicdn.com/kf/HTB1r3vFPFXXXXcaaXXXq6xXFXXXw/Vestidos-Sexy-Ruffles-Women-Dress-Summer-Sleeveless-Casual-A-Line-Bodycon-Dresses-Party-Cocktail-Short-Mini.jpg,5824,US $6.35,"www.aliexpress.com/item/Vestidos-Sexy-Ruffles-Women-Dress-Summer-Sleeveless-Casual-A-Line-Bodycon-Dresses-Party-Cocktail-Short-Mini/32717319269.html?ws_ab_test=searchweb0_0,searchweb201602_1_10152_10066_10151_10065_10068_10136_10137_10138_10060_10062_10141_10056_10055_10054_10059_10099_10103_10102_10096_10148_10147_10052_10053_10050_10107_10142_10051_10143_10084_10083_10119_10080_10082_10081_10110_10111_10112_10113_10114_130_10078_10079_10073_10070_10123_10120_10124,searchweb201603_1,afswitch_1_afChannel,ppcSwitch_4&btsid=3393a979-f76c-46e2-a256-a14b0ede6c09&algo_expid=0b54093b-07c0-46e5-bbba-886606367009-25&algo_pvid=0b54093b-07c0-46e5-bbba-886606367009",2017 Women's Vestidos Sexy Ruffles Dress Summer Sleeveless Casual A Line Bodycon Dress Women Party Plus Size Short Mini Dresses,2833,4.8,6 Colors Available,www.aliexpress.com/store/516346,"YUNSHAN E-commerce CO.,LTD Store",piece
https://ae01.alicdn.com/kf/HTB1nrMPNXXXXXcZXXXXq6xXFXXX2/Women-Dress-Vestidos-Free-Shipping-Designer-Elegant-Floral-Print-Work-Business-Casual-Party-Pencil-Sheath-Esp004.jpg,5808,US $8.40 - 11.98,"www.aliexpress.com/item/Women-Dress-Vestidos-Free-Shipping-Designer-Elegant-Floral-Print-Work-Business-Casual-Party-Pencil-Sheath-Esp004/32694217954.html?ws_ab_test=searchweb0_0,searchweb201602_1_10152_10066_10151_10065_10068_10136_10137_10138_10060_10062_10141_10056_10055_10054_10059_10099_10103_10102_10096_10148_10147_10052_10053_10050_10107_10142_10051_10143_10084_10083_10119_10080_10082_10081_10110_10111_10112_10113_10114_130_10078_10079_10073_10070_10123_10120_10124,searchweb201603_1,afswitch_1_afChannel,ppcSwitch_4&btsid=3393a979-f76c-46e2-a256-a14b0ede6c09&algo_expid=0b54093b-07c0-46e5-bbba-886606367009-26&algo_pvid=0b54093b-07c0-46e5-bbba-886606367009",Women Dress Vestidos Free Shipping Designer Elegant Floral Print Work Business Casual Party Pencil Sheath Esp004,6015,4.7,21 Colors Available,www.aliexpress.com/store/2308065,Espring,piece
https://ae01.alicdn.com/kf/HTB111JMOVXXXXclXFXXq6xXFXXXL/pure-cotton-New-2016-plus-size-cotton-spring-Women-Dress-ukraine-Casual-sexy-wide-boat-neck.jpg,5767,US $7.92,"www.aliexpress.com/item/pure-cotton-New-2016-plus-size-cotton-spring-Women-Dress-ukraine-Casual-sexy-wide-boat-neck/32666058581.html?ws_ab_test=searchweb0_0,searchweb201602_1_10152_10066_10151_10065_10068_10136_10137_10138_10060_10062_10141_10056_10055_10054_10059_10099_10103_10102_10096_10148_10147_10052_10053_10050_10107_10142_10051_10143_10084_10083_10119_10080_10082_10081_10110_10111_10112_10113_10114_130_10078_10079_10073_10070_10123_10120_10124,searchweb201603_1,afswitch_1_afChannel,ppcSwitch_4&btsid=3393a979-f76c-46e2-a256-a14b0ede6c09&algo_expid=0b54093b-07c0-46e5-bbba-886606367009-27&algo_pvid=0b54093b-07c0-46e5-bbba-886606367009",pure cotton New 2017 plus size summer autumn Women Dress ukraine Casual sexy wide boat neck beach Dresses maxi Vestidos WC0584-1,2966,4.9,11 Colors Available,www.aliexpress.com/store/319411,Idealark Official Store,piece
https://ae01.alicdn.com/kf/HTB1KnxKNpXXXXaEXXXXq6xXFXXX2/2014-Lace-Girl-Dress-Hot-Summer-Women-A-Line-Short-Sleeves-Hollow-Out-Lace-Sexy-Dress.jpg,5601,US $6.75 - 7.10,"www.aliexpress.com/item/2014-Lace-Girl-Dress-Hot-Summer-Women-A-Line-Short-Sleeves-Hollow-Out-Lace-Sexy-Dress/2040768197.html?ws_ab_test=searchweb0_0,searchweb201602_1_10152_10066_10151_10065_10068_10136_10137_10138_10060_10062_10141_10056_10055_10054_10059_10099_10103_10102_10096_10148_10147_10052_10053_10050_10107_10142_10051_10143_10084_10083_10119_10080_10082_10081_10110_10111_10112_10113_10114_130_10078_10079_10073_10070_10123_10120_10124,searchweb201603_1,afswitch_1_afChannel,ppcSwitch_4&btsid=3393a979-f76c-46e2-a256-a14b0ede6c09&algo_expid=0b54093b-07c0-46e5-bbba-886606367009-28&algo_pvid=0b54093b-07c0-46e5-bbba-886606367009",Fashion Female Summer Style A-Line Short Sleeves Dress Summer Women Hollow Out Lace Sexy Dress,3944,4.7,5 Colors Available,www.aliexpress.com/store/1334982,Happiness Shopping store,piece
https://ae01.alicdn.com/kf/HTB1qhXeMpXXXXaQXFXXq6xXFXXXi/summer-2015-fashion-new-women-shirts-dress-Cat-footprints-pattern-Show-thin-Shirt-dress-casual-dresses.jpg,5545,US $6.41,"www.aliexpress.com/item/summer-2015-fashion-new-women-shirts-dress-Cat-footprints-pattern-Show-thin-Shirt-dress-casual-dresses/32352078502.html?ws_ab_test=searchweb0_0,searchweb201602_1_10152_10066_10151_10065_10068_10136_10137_10138_10060_10062_10141_10056_10055_10054_10059_10099_10103_10102_10096_10148_10147_10052_10053_10050_10107_10142_10051_10143_10084_10083_10119_10080_10082_10081_10110_10111_10112_10113_10114_130_10078_10079_10073_10070_10123_10120_10124,searchweb201603_1,afswitch_1_afChannel,ppcSwitch_4&btsid=3393a979-f76c-46e2-a256-a14b0ede6c09&algo_expid=0b54093b-07c0-46e5-bbba-886606367009-29&algo_pvid=0b54093b-07c0-46e5-bbba-886606367009",Fun Orange summer fashion new women shirts dress Cat footprints pattern Show thin Shirt dress casual dresses with Belt,2107,4.9,,www.aliexpress.com/store/813084,777 Trading,piece
https://ae01.alicdn.com/kf/HTB1CHxZNFXXXXXoapXXq6xXFXXXN/Elegant-Gray-Sleeveless-Knitted-Casual-Dress-Women-Evening-Party-Sexy-Bodycon-Dress-GirlsLadies-Spring-Short-Pencil.jpg,5520,US $6.99,"www.aliexpress.com/item/Elegant-Gray-Sleeveless-Knitted-Casual-Dress-Women-Evening-Party-Sexy-Bodycon-Dress-GirlsLadies-Spring-Short-Pencil/32642621972.html?ws_ab_test=searchweb0_0,searchweb201602_1_10152_10066_10151_10065_10068_10136_10137_10138_10060_10062_10141_10056_10055_10054_10059_10099_10103_10102_10096_10148_10147_10052_10053_10050_10107_10142_10051_10143_10084_10083_10119_10080_10082_10081_10110_10111_10112_10113_10114_130_10078_10079_10073_10070_10123_10120_10124,searchweb201603_1,afswitch_1_afChannel,ppcSwitch_4&btsid=3393a979-f76c-46e2-a256-a14b0ede6c09&algo_expid=0b54093b-07c0-46e5-bbba-886606367009-30&algo_pvid=0b54093b-07c0-46e5-bbba-886606367009",Gamiss Elegant Gray Sleeveless Knitted Casual Dress Women Evening Party Bodycon Dress GirlsLadies Spring Short Pencil Vestidos,5851,4.8,,www.aliexpress.com/store/1681408,Mezone,piece
https://ae01.alicdn.com/kf/HTB1nc3wOFXXXXX0apXXq6xXFXXXI/2016-autumn-fashion-new-women-white-lace-patchwork-dress-casual-o-neck-long-sleeved-dresses-red.jpg,5363,US $7.59,"www.aliexpress.com/item/2016-autumn-fashion-new-women-white-lace-patchwork-dress-casual-o-neck-long-sleeved-dresses-red/32781030853.html?ws_ab_test=searchweb0_0,searchweb201602_1_10152_10066_10151_10065_10068_10136_10137_10138_10060_10062_10141_10056_10055_10054_10059_10099_10103_10102_10096_10148_10147_10052_10053_10050_10107_10142_10051_10143_10084_10083_10119_10080_10082_10081_10110_10111_10112_10113_10114_130_10078_10079_10073_10070_10123_10120_10124,searchweb201603_1,afswitch_1_afChannel,ppcSwitch_4&btsid=3393a979-f76c-46e2-a256-a14b0ede6c09&algo_expid=0b54093b-07c0-46e5-bbba-886606367009-31&algo_pvid=0b54093b-07c0-46e5-bbba-886606367009",2016 autumn fashion new women white lace patchwork dress casual o-neck long sleeved dresses red green party dress Robe Vestidos,94,4.6,2 Colors Available,www.aliexpress.com/store/2803074,Pudding station Store,piece
https://ae01.alicdn.com/kf/HTB1T.uRLFXXXXcGXpXXq6xXFXXX7/Feitong-2016-Women-Sexy-Clubwear-Party-Maxi-Dresses-Long-Sleeve-Off-Shoulder-Slim-Winter-Stretch-Bodycon.jpg,5252,US $7.90 - 9.14,"www.aliexpress.com/item/Feitong-2016-Women-Sexy-Clubwear-Party-Maxi-Dresses-Long-Sleeve-Off-Shoulder-Slim-Winter-Stretch-Bodycon/32525763438.html?ws_ab_test=searchweb0_0,searchweb201602_1_10152_10066_10151_10065_10068_10136_10137_10138_10060_10062_10141_10056_10055_10054_10059_10099_10103_10102_10096_10148_10147_10052_10053_10050_10107_10142_10051_10143_10084_10083_10119_10080_10082_10081_10110_10111_10112_10113_10114_130_10078_10079_10073_10070_10123_10120_10124,searchweb201603_1,afswitch_1_afChannel,ppcSwitch_4&btsid=3393a979-f76c-46e2-a256-a14b0ede6c09&algo_expid=0b54093b-07c0-46e5-bbba-886606367009-32&algo_pvid=0b54093b-07c0-46e5-bbba-886606367009",Feitong 2017 Autumn Dress For Women Long Sleeve Sexy Off Shoulder Sheath Bodycon Bandage Party Knee Dress vestido femininos Robe,3449,4.8,3 Colors Available,www.aliexpress.com/store/222858,Feitong,piece
https://ae01.alicdn.com/kf/HTB1D.J9NpXXXXb_XXXXq6xXFXXXf/2016-New-Spring-Summer-Women-Round-Neck-Fashion-Black-and-White-Striped-Long-Sleeve-Straight-Plus.jpg,4929,US $8.47,"www.aliexpress.com/item/2016-New-Spring-Summer-Women-Round-Neck-Fashion-Black-and-White-Striped-Long-Sleeve-Straight-Plus/32616030329.html?ws_ab_test=searchweb0_0,searchweb201602_1_10152_10066_10151_10065_10068_10136_10137_10138_10060_10062_10141_10056_10055_10054_10059_10099_10103_10102_10096_10148_10147_10052_10053_10050_10107_10142_10051_10143_10084_10083_10119_10080_10082_10081_10110_10111_10112_10113_10114_130_10078_10079_10073_10070_10123_10120_10124,searchweb201603_1,afswitch_1_afChannel,ppcSwitch_4&btsid=3393a979-f76c-46e2-a256-a14b0ede6c09&algo_expid=0b54093b-07c0-46e5-bbba-886606367009-33&algo_pvid=0b54093b-07c0-46e5-bbba-886606367009",2016 New Spring Summer  Women Round Neck Fashion Black and White Striped Long Sleeve Straight Plus Size Casual Dress,2123,4.9,2 Colors Available,www.aliexpress.com/store/1760101,EIFER EIFER Store,piece
https://ae01.alicdn.com/kf/HTB1QbVkKVXXXXbAXXXXq6xXFXXXH/Summer-Dress-2015-Sexy-Women-Casual-Sleeveless-Beach-Short-Dress-Tassel-Solid-White-Mini-Lace-Dress.jpg,4900,US $7.53,"www.aliexpress.com/item/Summer-Dress-2015-Sexy-Women-Casual-Sleeveless-Beach-Short-Dress-Tassel-Solid-White-Mini-Lace-Dress/32467936508.html?ws_ab_test=searchweb0_0,searchweb201602_1_10152_10066_10151_10065_10068_10136_10137_10138_10060_10062_10141_10056_10055_10054_10059_10099_10103_10102_10096_10148_10147_10052_10053_10050_10107_10142_10051_10143_10084_10083_10119_10080_10082_10081_10110_10111_10112_10113_10114_130_10078_10079_10073_10070_10123_10120_10124,searchweb201603_1,afswitch_1_afChannel,ppcSwitch_4&btsid=3393a979-f76c-46e2-a256-a14b0ede6c09&algo_expid=0b54093b-07c0-46e5-bbba-886606367009-34&algo_pvid=0b54093b-07c0-46e5-bbba-886606367009",Zanzea Summer Dress 2017 Sexy Women Casual Sleeveless Beach Short Dress Tassel Solid White Mini Lace Dress Vestidos Plus Size,2166,4.7,2 Colors Available,www.aliexpress.com/store/346605,Romeo & Juliet Clothes Store,piece
https://ae01.alicdn.com/kf/HTB1fOemNXXXXXcBaXXXq6xXFXXX7/Berydress-Womens-Elegant-Wedding-Party-Sexy-Night-Club-Halter-Neck-Sleeveless-Sheath-Bodycon-Lace-Dress-Short.jpg,4726,US $16.61,"www.aliexpress.com/item/Berydress-Womens-Elegant-Wedding-Party-Sexy-Night-Club-Halter-Neck-Sleeveless-Sheath-Bodycon-Lace-Dress-Short/32727205800.html?ws_ab_test=searchweb0_0,searchweb201602_1_10152_10066_10151_10065_10068_10136_10137_10138_10060_10062_10141_10056_10055_10054_10059_10099_10103_10102_10096_10148_10147_10052_10053_10050_10107_10142_10051_10143_10084_10083_10119_10080_10082_10081_10110_10111_10112_10113_10114_130_10078_10079_10073_10070_10123_10120_10124,searchweb201603_1,afswitch_1_afChannel,ppcSwitch_4&btsid=3393a979-f76c-46e2-a256-a14b0ede6c09&algo_expid=0b54093b-07c0-46e5-bbba-886606367009-35&algo_pvid=0b54093b-07c0-46e5-bbba-886606367009",Berydress Womens Elegant Wedding Party Sexy Night Club Halter Neck Sleeveless Sheath Bodycon Lace Dress Short,2167,4.8,5 Colors Available,www.aliexpress.com/store/915341,Berydress Factory Store,piece
https://ae01.alicdn.com/kf/HTB1kO5DOXXXXXb8aXXXq6xXFXXXb/Long-Sleeve-Sleeveless-Slash-Neck-Sexy-Club-Women-Dress-Bodycon-Knitted-Sweater-Knee-Length-Party-Night.jpg,4653,US $13.64,"www.aliexpress.com/item/Long-Sleeve-Sleeveless-Slash-Neck-Sexy-Club-Women-Dress-Bodycon-Knitted-Sweater-Knee-Length-Party-Night/32556578221.html?ws_ab_test=searchweb0_0,searchweb201602_1_10152_10066_10151_10065_10068_10136_10137_10138_10060_10062_10141_10056_10055_10054_10059_10099_10103_10102_10096_10148_10147_10052_10053_10050_10107_10142_10051_10143_10084_10083_10119_10080_10082_10081_10110_10111_10112_10113_10114_130_10078_10079_10073_10070_10123_10120_10124,searchweb201603_1,afswitch_1_afChannel,ppcSwitch_4&btsid=3393a979-f76c-46e2-a256-a14b0ede6c09&algo_expid=0b54093b-07c0-46e5-bbba-886606367009-36&algo_pvid=0b54093b-07c0-46e5-bbba-886606367009",Fashion Long Sleeve Off Shoulder Slash Neck Sexy Club Women Dress Slim Bodycon Knitted Sweater Knee-Length Party Night Dresses,5906,4.8,7 Colors Available,www.aliexpress.com/store/825913,Dress Designer,piece
https://ae01.alicdn.com/kf/HTB1TMZ9QXXXXXctaXXXq6xXFXXXd/2015-New-fashion-women-Summer-Dress-Short-Sleeve-Sexy-Mini-Dresses-women-Green-Camouflage-print-Plus.jpg,4650,US $8.21,"www.aliexpress.com/item/2015-New-fashion-women-Summer-Dress-Short-Sleeve-Sexy-Mini-Dresses-women-Green-Camouflage-print-Plus/32429871499.html?ws_ab_test=searchweb0_0,searchweb201602_1_10152_10066_10151_10065_10068_10136_10137_10138_10060_10062_10141_10056_10055_10054_10059_10099_10103_10102_10096_10148_10147_10052_10053_10050_10107_10142_10051_10143_10084_10083_10119_10080_10082_10081_10110_10111_10112_10113_10114_130_10078_10079_10073_10070_10123_10120_10124,searchweb201603_1,afswitch_1_afChannel,ppcSwitch_4&btsid=3393a979-f76c-46e2-a256-a14b0ede6c09&algo_expid=0b54093b-07c0-46e5-bbba-886606367009-37&algo_pvid=0b54093b-07c0-46e5-bbba-886606367009",2016 New Fashion Women Summer Dress Short Sleeve Sexy Mini Dresses women Green Camouflage Print Plus Size Woman Vestidos,867,4.9,,www.aliexpress.com/store/424562,KAYWIDE Authority store,piece
https://ae01.alicdn.com/kf/HTB11OyGPpXXXXXDaXXXq6xXFXXXQ/2016-New-Bottoming-Dress-Women-Summer-Style-Dress-Vintage-Sexy-Party-vestidos-Plus-Size-Female-Maxi.jpg,4607,US $7.10 - 8.37,"www.aliexpress.com/item/2016-New-Bottoming-Dress-Women-Summer-Style-Dress-Vintage-Sexy-Party-vestidos-Plus-Size-Female-Maxi/32584997339.html?ws_ab_test=searchweb0_0,searchweb201602_1_10152_10066_10151_10065_10068_10136_10137_10138_10060_10062_10141_10056_10055_10054_10059_10099_10103_10102_10096_10148_10147_10052_10053_10050_10107_10142_10051_10143_10084_10083_10119_10080_10082_10081_10110_10111_10112_10113_10114_130_10078_10079_10073_10070_10123_10120_10124,searchweb201603_1,afswitch_1_afChannel,ppcSwitch_4&btsid=3393a979-f76c-46e2-a256-a14b0ede6c09&algo_expid=0b54093b-07c0-46e5-bbba-886606367009-38&algo_pvid=0b54093b-07c0-46e5-bbba-886606367009",2017 New Bottoming Dresses Women Summer Style Dress Vintage Sexy Party vestidos Plus Size Female Maxi Boho Clothing Bodycon Robe,3201,4.7,21 Colors Available,www.aliexpress.com/store/419836,YUOCL Clothing Store,piece
https://ae01.alicdn.com/kf/HTB1q6deIFXXXXXcXVXXq6xXFXXXH/Summer-Womens-Sexy-Chiffon-Sleeveless-Sundress-Beach-Floral-Tank-Mini-Dress-For-Freeshipping.jpg,4582,US $2.98 - 3.26,"www.aliexpress.com/item/Summer-Womens-Sexy-Chiffon-Sleeveless-Sundress-Beach-Floral-Tank-Mini-Dress-For-Freeshipping/32287189940.html?ws_ab_test=searchweb0_0,searchweb201602_1_10152_10066_10151_10065_10068_10136_10137_10138_10060_10062_10141_10056_10055_10054_10059_10099_10103_10102_10096_10148_10147_10052_10053_10050_10107_10142_10051_10143_10084_10083_10119_10080_10082_10081_10110_10111_10112_10113_10114_130_10078_10079_10073_10070_10123_10120_10124,searchweb201603_1,afswitch_1_afChannel,ppcSwitch_4&btsid=3393a979-f76c-46e2-a256-a14b0ede6c09&algo_expid=0b54093b-07c0-46e5-bbba-886606367009-39&algo_pvid=0b54093b-07c0-46e5-bbba-886606367009",S M L XL XXL XXXL 2016 Summer Women Casual Bohemian Floral Sundress Printed Sleeveless Beach Chiffon Dress,1081,4.6,16 Colors Available,www.aliexpress.com/store/225170,Magical 2016,piece
https://ae01.alicdn.com/kf/HTB14TpOPXXXXXaIapXXq6xXFXXXJ/Gagaopt-Autumn-Dress-95-Cotton-Knee-Length-Skinny-Office-Dress-Short-Sleeve-Elegant-Dresses-Robe-Bandage.jpg,4542,US $11.19 - 11.89,"www.aliexpress.com/item/Gagaopt-Autumn-Dress-95-Cotton-Knee-Length-Skinny-Office-Dress-Short-Sleeve-Elegant-Dresses-Robe-Bandage/32707179010.html?ws_ab_test=searchweb0_0,searchweb201602_1_10152_10066_10151_10065_10068_10136_10137_10138_10060_10062_10141_10056_10055_10054_10059_10099_10103_10102_10096_10148_10147_10052_10053_10050_10107_10142_10051_10143_10084_10083_10119_10080_10082_10081_10110_10111_10112_10113_10114_130_10078_10079_10073_10070_10123_10120_10124,searchweb201603_1,afswitch_1_afChannel,ppcSwitch_4&btsid=3393a979-f76c-46e2-a256-a14b0ede6c09&algo_expid=0b54093b-07c0-46e5-bbba-886606367009-40&algo_pvid=0b54093b-07c0-46e5-bbba-886606367009",Gagaopt Summer Women Dresses 95% Cotton Knee-Length Skinny Office Dress Short Sleeve Bandage Robes Bodycon Vestidos Pencil Dress,3767,4.9,6 Colors Available,www.aliexpress.com/store/1195726,gagaopt,piece
https://ae01.alicdn.com/kf/HTB1gNm5MpXXXXcGXpXXq6xXFXXXK/S-FLAVOR-Brand-Women-long-Dress-hot-sale-2017-Spring-Summer-Russian-Style-Print-Dresses-Long.jpg,4505,US $13.78 - 16.54,"www.aliexpress.com/item/S-FLAVOR-Brand-Women-long-Dress-hot-sale-2017-Spring-Summer-Russian-Style-Print-Dresses-Long/32671166883.html?ws_ab_test=searchweb0_0,searchweb201602_1_10152_10066_10151_10065_10068_10136_10137_10138_10060_10062_10141_10056_10055_10054_10059_10099_10103_10102_10096_10148_10147_10052_10053_10050_10107_10142_10051_10143_10084_10083_10119_10080_10082_10081_10110_10111_10112_10113_10114_130_10078_10079_10073_10070_10123_10120_10124,searchweb201603_1,afswitch_1_afChannel,ppcSwitch_4&btsid=3393a979-f76c-46e2-a256-a14b0ede6c09&algo_expid=0b54093b-07c0-46e5-bbba-886606367009-41&algo_pvid=0b54093b-07c0-46e5-bbba-886606367009",S.FLAVOR Brand Women long Dress hot sale 2017 Spring Summer Russian Style Print Dresses Long Floor-Length  Elegant vestidos,3888,4.8,4 Colors Available,www.aliexpress.com/store/2189188,S.FLAVOR Official Store,piece
https://ae01.alicdn.com/kf/HTB1ePymOVXXXXbJaFXXq6xXFXXXQ/High-Quality-Autumn-Dresses-2016-Fashion-Women-Casual-Loose-Plus-Size-Elegant-Sport-Long-Sleeve-Irregular.jpg,4354,US $6.28 - 7.39,"www.aliexpress.com/item/High-Quality-Autumn-Dresses-2016-Fashion-Women-Casual-Loose-Plus-Size-Elegant-Sport-Long-Sleeve-Irregular/32713917329.html?ws_ab_test=searchweb0_0,searchweb201602_1_10152_10066_10151_10065_10068_10136_10137_10138_10060_10062_10141_10056_10055_10054_10059_10099_10103_10102_10096_10148_10147_10052_10053_10050_10107_10142_10051_10143_10084_10083_10119_10080_10082_10081_10110_10111_10112_10113_10114_130_10078_10079_10073_10070_10123_10120_10124,searchweb201603_1,afswitch_1_afChannel,ppcSwitch_4&btsid=3393a979-f76c-46e2-a256-a14b0ede6c09&algo_expid=0b54093b-07c0-46e5-bbba-886606367009-42&algo_pvid=0b54093b-07c0-46e5-bbba-886606367009",High Quality Autumn Dresses 2017 Fashion Women Casual Loose Plus Size Elegant Dress Long Sleeve Irregular Chiffon Dress Vestidos,1283,4.6,5 Colors Available,www.aliexpress.com/store/1229494,Evan Co. Ltd,piece
https://ae01.alicdn.com/kf/HTB19UVHQpXXXXcKaFXXq6xXFXXXs/Summer-dress-2015-summer-style-vestido-de-festa-casual-sundress-women-dress-female-plus-size-women.jpg,4231,US $6.31 - 7.41,"www.aliexpress.com/item/Summer-dress-2015-summer-style-vestido-de-festa-casual-sundress-women-dress-female-plus-size-women/32356551387.html?ws_ab_test=searchweb0_0,searchweb201602_1_10152_10066_10151_10065_10068_10136_10137_10138_10060_10062_10141_10056_10055_10054_10059_10099_10103_10102_10096_10148_10147_10052_10053_10050_10107_10142_10051_10143_10084_10083_10119_10080_10082_10081_10110_10111_10112_10113_10114_130_10078_10079_10073_10070_10123_10120_10124,searchweb201603_1,afswitch_1_afChannel,ppcSwitch_4&btsid=3393a979-f76c-46e2-a256-a14b0ede6c09&algo_expid=0b54093b-07c0-46e5-bbba-886606367009-43&algo_pvid=0b54093b-07c0-46e5-bbba-886606367009",Summer dress 2016 summer style women casual sundress plus size women clothing beach dress chiffon,569,4.8,8 Colors Available,www.aliexpress.com/store/1684183,WOMEN FASHION GODDESS STORE,piece
https://ae01.alicdn.com/kf/HTB1Ev_wIFXXXXX6XVXXq6xXFXXX5/Summer-dress-2015-chiffon-female-dress-backless-summer-style-vestido-de-festa-sundress-plus-size-women.jpg,4199,US $6.33 - 7.47,"www.aliexpress.com/item/Summer-dress-2015-chiffon-female-dress-backless-summer-style-vestido-de-festa-sundress-plus-size-women/32373526803.html?ws_ab_test=searchweb0_0,searchweb201602_1_10152_10066_10151_10065_10068_10136_10137_10138_10060_10062_10141_10056_10055_10054_10059_10099_10103_10102_10096_10148_10147_10052_10053_10050_10107_10142_10051_10143_10084_10083_10119_10080_10082_10081_10110_10111_10112_10113_10114_130_10078_10079_10073_10070_10123_10120_10124,searchweb201603_1,afswitch_1_afChannel,ppcSwitch_4&btsid=3393a979-f76c-46e2-a256-a14b0ede6c09&algo_expid=0b54093b-07c0-46e5-bbba-886606367009-44&algo_pvid=0b54093b-07c0-46e5-bbba-886606367009",Women beach dress Fluorescence summer dress chiffon female women dress 2016 summer style vestido plus size women clothing,806,4.7,4 Colors Available,www.aliexpress.com/store/1684183,WOMEN FASHION GODDESS STORE,piece
https://ae01.alicdn.com/kf/HTB17aZyOVXXXXb5apXXq6xXFXXXA/COLROVE-Brown-Velvet-Sheath-Dress-Office-Ladies-Round-Neck-Slim-Pencil-Dress-Work-Wear-Knee-Length.jpg,4139,US $9.99,"www.aliexpress.com/item/COLROVE-Brown-Velvet-Sheath-Dress-Office-Ladies-Round-Neck-Slim-Pencil-Dress-Work-Wear-Knee-Length/32738422301.html?ws_ab_test=searchweb0_0,searchweb201602_1_10152_10066_10151_10065_10068_10136_10137_10138_10060_10062_10141_10056_10055_10054_10059_10099_10103_10102_10096_10148_10147_10052_10053_10050_10107_10142_10051_10143_10084_10083_10119_10080_10082_10081_10110_10111_10112_10113_10114_130_10078_10079_10073_10070_10123_10120_10124,searchweb201603_1,afswitch_1_afChannel,ppcSwitch_4&btsid=3393a979-f76c-46e2-a256-a14b0ede6c09&algo_expid=0b54093b-07c0-46e5-bbba-886606367009-45&algo_pvid=0b54093b-07c0-46e5-bbba-886606367009",COLROVIE Velvet Sheath Dress Office Ladies Round Neck Slim Pencil Dress Work Wear Knee Length Dress,3294,4.9,2 Colors Available,www.aliexpress.com/store/1157573,COLROVIE Official Store,piece
https://ae01.alicdn.com/kf/HTB1937vKXXXXXXQXpXXq6xXFXXXb/2016-new-arrival-summer-women-denim-dresses-short-sleeves-loose-A-word-dresses-plus-sizes-v.jpg,4091,US $12.95 - 13.14,"www.aliexpress.com/item/2016-new-arrival-summer-women-denim-dresses-short-sleeves-loose-A-word-dresses-plus-sizes-v/32676054661.html?ws_ab_test=searchweb0_0,searchweb201602_1_10152_10066_10151_10065_10068_10136_10137_10138_10060_10062_10141_10056_10055_10054_10059_10099_10103_10102_10096_10148_10147_10052_10053_10050_10107_10142_10051_10143_10084_10083_10119_10080_10082_10081_10110_10111_10112_10113_10114_130_10078_10079_10073_10070_10123_10120_10124,searchweb201603_1,afswitch_1_afChannel,ppcSwitch_4&btsid=3393a979-f76c-46e2-a256-a14b0ede6c09&algo_expid=0b54093b-07c0-46e5-bbba-886606367009-46&algo_pvid=0b54093b-07c0-46e5-bbba-886606367009",2016 new arrival summer women denim dresses short sleeves loose A word dresses plus sizes v-neck solid denim dresses 176A 25,521,4.7,2 Colors Available,www.aliexpress.com/store/220398,Annie zeng Store,piece
https://ae01.alicdn.com/kf/HTB1vyHFOFXXXXXbXVXXq6xXFXXXm/Women-Summer-Beach-Boho-Maxi-Dress-2016-High-Quality-Brand-Striped-Print-Long-Dresses-Feminine-Plus.jpg,4057,US $9.89 - 12.09,"www.aliexpress.com/item/Women-Summer-Beach-Boho-Maxi-Dress-2016-High-Quality-Brand-Striped-Print-Long-Dresses-Feminine-Plus/32709152513.html?ws_ab_test=searchweb0_0,searchweb201602_1_10152_10066_10151_10065_10068_10136_10137_10138_10060_10062_10141_10056_10055_10054_10059_10099_10103_10102_10096_10148_10147_10052_10053_10050_10107_10142_10051_10143_10084_10083_10119_10080_10082_10081_10110_10111_10112_10113_10114_130_10078_10079_10073_10070_10123_10120_10124,searchweb201603_1,afswitch_1_afChannel,ppcSwitch_4&btsid=3393a979-f76c-46e2-a256-a14b0ede6c09&algo_expid=0b54093b-07c0-46e5-bbba-886606367009-47&algo_pvid=0b54093b-07c0-46e5-bbba-886606367009",Women Summer Beach Boho Maxi Dress 2016 High Quality Brand Striped Print Long Dresses Feminine Plus Size,1572,4.8,6 Colors Available,www.aliexpress.com/store/1956834,The Love of Aegean Sea Store,piece
