add_wish,discount_price,original_price,product_link,product_name,header_block
22099,$0.99,$1.99,https://www.jollychic.com/p/kitchen-use-sponge-cleaning-brush-with-handle-g326512.html,Kitchen Use Sponge Cleaning Brush with Handle,Cleaning Tools
879,$0.99,$1.99,https://www.jollychic.com/p/soft-strawberry-shape-thickening-dish-cleaning-sponge-g356044.html,Soft Strawberry Shape Thickening Dish Cleaning Sponge,Cleaning Tools
6743,$4.99,,https://www.jollychic.com/p/multi-purpose-3-in-1-water-spray-double-use-glass-cleaner-scraper-g359432.html,Multi Purpose 3 In 1 Water Spray Double Use Glass Cleaner Scraper,Cleaning Tools
838,$5.99,,https://www.jollychic.com/p/broom-and-dustpan-set-candy-color-mini-broom-set-g429602.html,Broom and Dustpan Set Candy Color Mini Broom Set,Cleaning Tools
891,$1.99,$3.99,https://www.jollychic.com/p/kitchen-cleaning-brush-lovely-sunflower-pattern-pot-washing-brush-g433090.html,Kitchen Cleaning Brush Lovely Sunflower Pattern Pot Washing Brush,Cleaning Tools
1978,$1.99,$2.99,https://www.jollychic.com/p/dish-towel-one-time-convenient-small-cleaning-dishes-towel-g443274.html,Dish Towel One Time Convenient Small Cleaning Dishes Towel,Cleaning Tools
2779,$1.99,$3.99,https://www.jollychic.com/p/household-gloves-cleaning-oil-free-gloves-g444464.html,Household Gloves Cleaning Oil Free Gloves,Cleaning Tools
2908,$4.99,,https://www.jollychic.com/p/2pcs-steel-wire-brush-set-dishwashing-tool-brush-with-candy-color-handle-g449766.html,2pcs Steel Wire Brush Set Dishwashing Tool Brush with Candy Color Handle,Cleaning Tools
2112,$5.99,,https://www.jollychic.com/p/triangle-sponge-brush-household-toilet-cleaning-brush-g476872.html,Triangle Sponge Brush Household Toilet Cleaning Brush,Cleaning Tools
2542,$6.99,,https://www.jollychic.com/p/sticky-picker-dolphin-shape-reusable-lint-roller-pet-hair-remover-brush-g481244.html,Sticky Picker Dolphin Shape Reusable Lint Roller Pet Hair Remover Brush,Cleaning Tools
1624,$1.00,,https://www.jollychic.com/p/sponge-cleaning-brush-fresh-candy-color-durable-cup-brush-g483140.html,Sponge Cleaning Brush Fresh Candy Color Durable Cup Brush,Cleaning Tools
2733,$1.99,,https://www.jollychic.com/p/1pc-cleaning-sponge-kitchen-use-nano-silicon-carbide-sponge-g493448.html,1Pc Cleaning Sponge Kitchen Use Nano Silicon Carbide Sponge,Cleaning Tools
705,$1.99,,https://www.jollychic.com/p/toilet-cleaning-brush-simple-durable-curve-scouring-pad-brush-g527762.html,Toilet Cleaning Brush Simple Durable Curve Scouring Pad Brush,Cleaning Tools
1172,$2.99,,https://www.jollychic.com/p/kitchen-use-cleaning-brush-lovely-cartoon-animals-pattern-pot-brush-g535414.html,Kitchen Use Cleaning Brush Lovely Cartoon Animals Pattern Pot Brush,Cleaning Tools
403,$1.99,$2.99,https://www.jollychic.com/p/kitchen-brush-durable-strong-decontamination-safe-brush-g538630.html,Kitchen Brush Durable Strong Decontamination Safe Brush,Cleaning Tools
464,$4.99,$5.99,https://www.jollychic.com/p/washing-brush-for-dishwashing-silicone-multi-purpose-cleaning-brush-g548576.html,Washing Brush for Dishwashing Silicone Multi-purpose Cleaning Brush,Cleaning Tools
3392,$1.99,$2.99,https://www.jollychic.com/p/pot-brush-sponge-removable-kitchen-use-cleaning-brush-g595324.html,Pot Brush Sponge Removable Kitchen Use Cleaning Brush,Cleaning Tools
1568,$5.99,,https://www.jollychic.com/p/2pcs-bowl-cleaning-sponges-set-donut-shaped-kitchen-cleaning-tool-with-sucker-g626178.html,2Pcs Bowl Cleaning Sponges Set Donut Shaped Kitchen Cleaning Tool With Sucker,Cleaning Tools
304,$4.99,,https://www.jollychic.com/p/clothing-washing-mat-candy-color-soft-sucking-antislipping-foldable-washing-mat-g633546.html,Clothing Washing Mat Candy Color Soft Sucking Antislipping Foldable Washing Mat,Cleaning Tools
2411,$8.99,,https://www.jollychic.com/p/6pcs-cleaning-sponges-set-kitchen-useful-durable-wiping-sponge-g664680.html,6Pcs Cleaning Sponges Set Kitchen Useful Durable Wiping Sponge,Cleaning Tools
1013,$0.99,$4.99,https://www.jollychic.com/p/one-piece-cleaning-ball-durable-steel-cleaning-brush-with-handle-g665026.html,One Piece Cleaning Ball Durable Steel Cleaning Brush With Handle,Cleaning Tools
114,$4.99,,https://www.jollychic.com/p/2-pcs-cleaning-cloth-set-mini-square-multifunctional-washing-cloth-g707266.html,2 Pcs Cleaning Cloth Set Mini Square Multifunctional Washing Cloth,Cleaning Tools
4313,$24.99,$49.99,https://www.jollychic.com/p/automatic-hand-push-sweeper-without-electricity-360-degrees-rotary-sweeper-g714236.html,Automatic Hand Push Sweeper Without Electricity 360 Degrees Rotary Sweeper,Cleaning Tools
3643,$2.99,$4.99,https://www.jollychic.com/p/foot-rubbing-brush-simple-useful-multi-purposes-personal-health-care-tool-g719812.html,Foot Rubbing Brush Simple Useful Multi Purposes Personal Health Care Tool,Cleaning Tools
792,$2.99,,https://www.jollychic.com/p/cleaning-brush-creative-mini-useful-fruit-cleaning-tool-g764954.html,Cleaning Brush Creative Mini Useful Fruit Cleaning Tool,Cleaning Tools
753,$8.99,$13.99,https://www.jollychic.com/p/toilet-brush-set-non-punching-unique-design-toilet-brush-g793288.html,Toilet Brush Set Non Punching Unique Design Toilet Brush,Cleaning Tools
3886,$9.99,,https://www.jollychic.com/p/cleaning-brush-automatic-adding-washing-liquid-pan-brushes-g800708.html,Cleaning Brush Automatic Adding Washing Liquid Pan Brushes,Cleaning Tools
26,$8.99,,https://www.jollychic.com/p/mini-glass-cleaner-floating-magnetic-aquarium-fish-tank-glass-brush-g863260.html,Mini Glass Cleaner Floating Magnetic Aquarium Fish Tank Glass Brush,Cleaning Tools
21,$10.99,,https://www.jollychic.com/p/small-cleaning-brush-useful-floating-magnetic-aquarium-fish-tank-brush-g863322.html,Small Cleaning Brush Useful Floating Magnetic Aquarium Fish Tank Brush,Cleaning Tools
559,$7.99,,https://www.jollychic.com/p/10pcs-cleaning-kit-set-black-quipment-needle-cleaning-brush-g863414.html,10Pcs Cleaning Kit Set Black Quipment Needle Cleaning Brush,Cleaning Tools
358,$6.99,,https://www.jollychic.com/p/cleaning-tool-foldable-water-tableware-pot-brush-faucet-connection-brush-g867562.html,Cleaning Tool Foldable Water Tableware Pot Brush Faucet Connection Brush,Cleaning Tools
1400,$2.99,,https://www.jollychic.com/p/glass-wiper-portable-water-spray-durable-cleaning-tool-glass-wiper-blade-g867788.html,Glass Wiper Portable Water Spray Durable Cleaning Tool Glass Wiper Blade,Cleaning Tools
144,$1.99,$3.99,https://www.jollychic.com/p/handle-adjust-double-sided-windshield-window-glass-wash-cleaner-brush-g867790.html,Handle Adjust Double Sided Windshield Window Glass Wash Cleaner Brush,Cleaning Tools
77,$6.99,,https://www.jollychic.com/p/magnetic-window-cleaner-double-side-glass-wiper-cleaning-brush-pad-scraper-g870084.html,Magnetic Window Cleaner Double Side Glass Wiper Cleaning Brush Pad Scraper,Cleaning Tools
62,$5.99,$10.99,https://www.jollychic.com/p/glass-cleaner-adjustable-double-faced-double-layer-glass-cleaning-tools-g870546.html,Glass Cleaner Adjustable Double Faced Double Layer Glass Cleaning Tools,Cleaning Tools
3009,$4.99,,https://www.jollychic.com/p/1-pair-home-mop-sweep-floor-cleaning-duster-cloth-housework-soft-slipper-g874096.html,1 Pair Home Mop Sweep Floor Cleaning Duster Cloth Housework Soft Slipper,Cleaning Tools
701,$17.99,,https://www.jollychic.com/p/stainless-steel-grill-cleaning-tool-bbq-brush-cleaner-barbecue-tool-g874858.html,Stainless Steel Grill Cleaning Tool BBQ Brush Cleaner Barbecue Tool,Cleaning Tools
156,$1.99,$3.99,https://www.jollychic.com/p/dish-washing-cleaner-durable-solid-round-shaped-silicone-brush-g888076.html,Dish Washing Cleaner Durable Solid Round Shaped Silicone Brush,Cleaning Tools
21,$2.99,$5.99,https://www.jollychic.com/p/kitchen-tool-multifunction-soft-silicone-dish-washing-cleaning-brush-g888084.html,Kitchen Tool Multifunction Soft Silicone Dish Washing Cleaning Brush,Cleaning Tools
349,$1.99,$2.99,https://www.jollychic.com/p/glass-window-brush-ecofriendly-durable-portable-glass-wiper-g888668.html,Glass Window Brush Ecofriendly Durable Portable Glass Wiper,Cleaning Tools
738,$4.99,,https://www.jollychic.com/p/magic-spray-type-cleaning-brush-multifunctional-convenient-glass-cleaner-g889642.html,Magic Spray Type Cleaning Brush Multifunctional Convenient Glass Cleaner,Cleaning Tools
1363,$2.99,,https://www.jollychic.com/p/clothes-hair-remover-brush-simple-useful-electrostatic-drying-brush-g896524.html,Clothes Hair Remover Brush Simple Useful Electrostatic Drying Brush,Cleaning Tools
293,$4.99,$7.99,https://www.jollychic.com/p/clothing-cleaning-brush-double-rollers-electrostatic-bedding-dust-removal-brush-g901512.html,Clothing Cleaning Brush Double Rollers Electrostatic Bedding Dust Removal Brush,Cleaning Tools
319,$2.99,,https://www.jollychic.com/p/kitchen-cleaning-brush-double-sides-sponge-detachable-pot-washing-brush-g902026.html,Kitchen Cleaning Brush Double Sides Sponge Detachable Pot Washing Brush,Cleaning Tools
189,$3.99,,https://www.jollychic.com/p/ketchen-cleaning-brush-solid-color-heart-shape-pan-brush-g927846.html,Ketchen Cleaning Brush Solid Color Heart Shape Pan Brush,Cleaning Tools
264,$6.99,,https://www.jollychic.com/p/one-piece-cleaning-sponge-home-durable-rust-removal-magic-sponge-g1004548.html,One Piece Cleaning Sponge Home Durable Rust Removal Magic Sponge,Cleaning Tools
288,$11.99,$20.99,https://www.jollychic.com/p/broom-set-simple-solid-color-home-use-cleaning-tools-broom-and-dustpan-set-g1006958.html,Broom Set Simple Solid Color Home Use Cleaning Tools Broom and Dustpan Set,Cleaning Tools
310,$1.00,,https://www.jollychic.com/p/1pc-glass-cup-cleaning-brush-long-handle-sponge-soft-tea-cup-brush-g1021636.html,1Pc Glass Cup Cleaning Brush Long Handle Sponge Soft Tea Cup Brush,Cleaning Tools
516,$8.99,,https://www.jollychic.com/p/3-pcs-window-cleaning-mesh-gloves-set-thicken-water-absorption-cleaning-tools-g1034332.html,3 Pcs Window Cleaning Mesh Gloves Set Thicken Water Absorption Cleaning Tools,Cleaning Tools
427,$6.99,,https://www.jollychic.com/p/glass-cleaner-double-sided-magnetic-durable-home-window-cleaning-brush-g1034368.html,Glass Cleaner Double Sided Magnetic Durable Home Window Cleaning Brush,Cleaning Tools
601,$1.99,$3.99,https://www.jollychic.com/p/one-piece-hand-towel-kitchen-likable-cartoon-design-soft-thick-cloth-g1034380.html,One Piece Hand Towel Kitchen Likable Cartoon Design Soft Thick Cloth,Cleaning Tools
663,$2.99,$8.99,https://www.jollychic.com/p/sanitary-gloves-home-outdoor-picnic-multipurpose-food-gloves-g1038492.html,Sanitary Gloves Home Outdoor Picnic Multipurpose Food Gloves,Cleaning Tools
100,$2.99,$7.99,https://www.jollychic.com/p/4-pcs-clothes-cleaning-brushes-set-static-rotary-convenient-dust-removal-brush-g1050686.html,4 Pcs Clothes Cleaning Brushes Set Static Rotary Convenient Dust Removal Brush,Cleaning Tools
1381,$35.99,$56.00,https://www.jollychic.com/p/cleaning-brush-electric-long-handle-household-cleaning-brush-set-g1052826.html,Cleaning Brush Electric Long Handle Household Cleaning Brush Set,Cleaning Tools
185,$3.99,$6.99,https://www.jollychic.com/p/cleaning-cloth-creative-unique-designed-window-cleaning-cloth-g1076012.html,Cleaning Cloth Creative Unique Designed Window Cleaning Cloth,Cleaning Tools
447,$4.99,$7.99,https://www.jollychic.com/p/1-pc-toilet-cleaning-brush-stainless-steel-handle-bathroom-brush-holder-and-brush-set-g1076022.html,1 Pc Toilet Cleaning Brush Stainless Steel Handle Bathroom Brush Holder and Brush Set,Cleaning Tools
296,$3.99,$6.99,https://www.jollychic.com/p/antiscaling-agent-citric-acid-tea-pot-cleaning-powder-detergent-g1076040.html,Antiscaling Agent Citric Acid Tea Pot Cleaning Powder Detergent,Cleaning Tools
1463,$1.99,$2.99,https://www.jollychic.com/p/cleaning-brush-solid-color-long-handle-window-groove-cleaning-brush-g1076060.html,Cleaning Brush Solid Color Long Handle Window Groove Cleaning Brush,Cleaning Tools
600,$5.99,$9.99,https://www.jollychic.com/p/window-cleaner-double-sides-long-handle-cleaning-brush-g1076064.html,Window Cleaner Double Sides Long Handle Cleaning Brush,Cleaning Tools
264,$0.99,$2.99,https://www.jollychic.com/p/cleaning-brush-solid-pink-window-cleaner-screen-window-cleaning-brush-g1076076.html,Cleaning Brush Solid Pink Window Cleaner Screen Window Cleaning Brush,Cleaning Tools
646,$0.99,$2.99,https://www.jollychic.com/p/1-pc-shoe-brush-solid-color-portable-cleaning-brush-multiuse-brush-g1076084.html,1 Pc Shoe Brush Solid Color Portable Cleaning Brush Multiuse Brush,Cleaning Tools
26,$0.99,$2.99,https://www.jollychic.com/p/1-pc-cleaning-cloth-simple-solid-color-thick-kitchen-towel-g1076090.html,1 Pc Cleaning Cloth Simple Solid Color Thick Kitchen Towel,Cleaning Tools
209,$5.99,$11.99,https://www.jollychic.com/p/5-pcs-hand-towels-cute-smile-stars-hanging-cloths-hanging-towels-g1078520.html,5 Pcs Hand Towels Cute Smile Stars Hanging Cloths Hanging Towels,Cleaning Tools
239,$0.99,$3.99,https://www.jollychic.com/p/1-pc-cleaning-brush-plastic-handle-sponge-pot-cleaning-brush-g1078554.html,1 Pc Cleaning Brush Plastic Handle Sponge Pot Cleaning Brush,Cleaning Tools
261,$3.99,$5.99,https://www.jollychic.com/p/detergent-home-use-bathroom-hanging-toilet-cleaner-g1094630.html,Detergent Home Use Bathroom Hanging Toilet Cleaner,Cleaning Tools
771,$2.99,$4.99,https://www.jollychic.com/p/window-cleaning-brush-durable-supple-dust-removal-cleaning-tool-g1108306.html,Window Cleaning Brush Durable Supple Dust Removal Cleaning Tool,Cleaning Tools
167,$8.99,,https://www.jollychic.com/p/detergent-home-use-microwave-oven-steam-cleaner-tool-g1108334.html,Detergent Home Use Microwave Oven Steam Cleaner Tool,Cleaning Tools
24,$2.99,$6.99,https://www.jollychic.com/p/floor-brush-simple-design-useful-bathroom-kitchen-tool-wall-brush-g1108406.html,Floor Brush Simple Design Useful Bathroom Kitchen Tool Wall Brush,Cleaning Tools
68,$0.99,$1.99,https://www.jollychic.com/p/cleaning-brush-long-handle-multipurpose-home-use-cleaning-brush-shoe-brush-g1116750.html,Cleaning Brush Long Handle Multipurpose Home Use Cleaning Brush Shoe Brush,Cleaning Tools
166,$4.99,$9.99,https://www.jollychic.com/p/cleaning-brush-long-handle-adjustable-multipurpose-home-use-cleaning-brush-g1116792.html,Cleaning Brush Long Handle Adjustable Multipurpose Home Use Cleaning Brush,Cleaning Tools
348,$1.99,$3.99,https://www.jollychic.com/p/wipe-slippers-creative-unique-supple-washable-detachable-cleaning-cloth-g1131154.html,Wipe Slippers Creative Unique Supple Washable Detachable Cleaning Cloth,Cleaning Tools
59,$1.99,$3.99,https://www.jollychic.com/p/kitchen-cleaning-brush-simple-long-handle-magic-sponge-wiper-g1131164.html,Kitchen Cleaning Brush Simple Long Handle Magic Sponge Wiper,Cleaning Tools
579,$3.99,$6.99,https://www.jollychic.com/p/3-pcs-cleaning-brushes-set-brief-design-solid-durable-groove-cleaning-tool-g1131188.html,3 Pcs Cleaning Brushes Set Brief Design Solid Durable Groove Cleaning Tool,Cleaning Tools
89,$1.99,$4.99,https://www.jollychic.com/p/rod-drain-cleaner-functional-kitchen-toilet-sewage-cleaner-practical-cleaning-tool-detergent-g1156230.html,Rod Drain Cleaner Functional Kitchen Toilet Sewage Cleaner Practical Cleaning Tool Detergent,Cleaning Tools
481,$3.99,$5.99,https://www.jollychic.com/p/20-pcs-toilet-detergents-multipurpose-smell-removal-cleaning-agents-g1185920.html,20 Pcs Toilet Detergents Multipurpose Smell Removal Cleaning Agents,Cleaning Tools
18,$1.99,$3.99,https://www.jollychic.com/p/50-pcs-disposable-gloves-home-use-gloves-kitchen-tool-cleaning-gloves-g1212560.html,50 Pcs Disposable Gloves Home Use Gloves Kitchen Tool Cleaning Gloves,Cleaning Tools
816,$23.99,$45.99,https://www.jollychic.com/p/mop-multifunction-water-spray-mop-hand-wash-plate-mop-home-wood-floor-tile-cleaner-g1241856.html,Mop Multifunction Water Spray Mop Hand Wash Plate Mop Home Wood Floor Tile Cleaner,Cleaning Tools
141,$0.99,$2.99,https://www.jollychic.com/p/1pc-cleaning-brush-simple-sponge-soft-handy-cup-wiper-g1243380.html,1Pc Cleaning Brush Simple Sponge Soft Handy Cup Wiper,Cleaning Tools
811,$1.99,$3.99,https://www.jollychic.com/p/1-pc-white-shoe-brightener-practical-shoe-cleaning-agent-g1248308.html,1 Pc White Shoe Brightener Practical Shoe Cleaning Agent,Cleaning Tools
186,$1.99,$3.99,https://www.jollychic.com/p/1-pc-white-shoe-brightener-practical-shoe-cleaning-agent-white-shoe-cleaner-g1248312.html,1 Pc White Shoe Brightener Practical Shoe Cleaning Agent White Shoe Cleaner,Cleaning Tools
65,$9.99,,https://www.jollychic.com/p/kitchen-pot-washing-brush-short-handle-creative-stainless-steel-wire-brush-g1269028.html,Kitchen Pot Washing Brush Short Handle Creative Stainless Steel Wire Brush,Cleaning Tools
86,$3.99,$7.99,https://www.jollychic.com/p/pet-cleaning-gloves-washing-comfortable-dogs-cats-masssage-gloves-g1273800.html,Pet Cleaning Gloves Washing Comfortable Dogs Cats Masssage Gloves,Cleaning Tools
409,$22.99,$46.99,https://www.jollychic.com/p/household-cleaning-sweeping-machine-hand-push-broom-and-dan-set-artifact-g1273902.html,Household Cleaning Sweeping Machine Hand Push Broom And Dan Set Artifact,Cleaning Tools
114,$3.99,$9.99,https://www.jollychic.com/p/soap-confetti-portable-cute-lovely-box-travel-soap-confetti-g1293258.html,Soap Confetti Portable Cute Lovely Box Travel Soap Confetti,Cleaning Tools
27,$1.99,$4.99,https://www.jollychic.com/p/practical-dust-cleaning-compound-keyboard-magic-cleaning-gel-g1336462.html,Practical Dust Cleaning Compound Keyboard Magic Cleaning Gel,Cleaning Tools
79,$1.99,$4.99,https://www.jollychic.com/p/magic-keyboard-cleaning-compound-super-clean-slimy-gel-g1336470.html,Magic Keyboard Cleaning Compound Super Clean Slimy Gel,Cleaning Tools
32,$5.99,,https://www.jollychic.com/p/computer-dust-cleaner-usb-powered-mini-likable-solid-keyboard-brush-g1336552.html,Computer Dust Cleaner USB Powered Mini Likable Solid Keyboard Brush,Cleaning Tools
159,$32.99,$90.00,https://www.jollychic.com/p/home-mop-creative-unique-spray-water-detachable-durable-floor-mop-g1336950.html,Home Mop Creative Unique Spray Water Detachable Durable Floor Mop,Cleaning Tools
162,$0.99,$4.99,https://www.jollychic.com/p/1-pc-cleaning-brush-fresh-style-practical-keyboard-cleaning-burush-g1359256.html,1 Pc Cleaning Brush Fresh Style Practical Keyboard Cleaning Burush,Cleaning Tools
46,$2.99,$9.99,https://www.jollychic.com/p/10-pcs-cleaing-cloths-soft-multipurpose-solid-color-cleaning-cloths-kitchen-cleaning-tools-g1550398.html,10 Pcs Cleaing Cloths Soft MUltipurpose Solid Color Cleaning Cloths Kitchen Cleaning Tools,Cleaning Tools
0,$12.99,,https://www.jollychic.com/p/1-pc-cleaning-brush-wooden-handle-coffee-bean-grinder-cleaning-brush-g1590276.html,1 Pc Cleaning Brush Wooden Handle Coffee Bean Grinder Cleaning Brush,Cleaning Tools
1,$46.99,,https://www.jollychic.com/p/cleaning-brush-creative-bathroom-toilet-cleaning-brush-with-stainless-steel-base-g1605510.html,Cleaning Brush Creative Bathroom Toilet Cleaning Brush with Stainless Steel Base,Cleaning Tools
0,$3.99,,https://www.jollychic.com/p/4pcs-kitchen-supplies-washing-cloth-striped-portable-durable-washing-cloth-g1611008.html,4pcs Kitchen Supplies Washing Cloth Striped Portable Durable Washing Cloth,Cleaning Tools
1,$33.99,,https://www.jollychic.com/p/anti-rust-stainless-steel-chainmail-scrubber-with-corner-ring-g1611340.html,Anti Rust Stainless Steel Chainmail Scrubber With Corner Ring,Cleaning Tools
5,$3.99,,https://www.jollychic.com/p/1pc-kitchen-pot-washing-brush-steel-wire-long-handle-cleaning-brush-g1611482.html,1Pc Kitchen Pot Washing Brush Steel Wire Long Handle Cleaning Brush,Cleaning Tools
0,$15.99,,https://www.jollychic.com/p/100-pcs-magic-sponge-cleaners-set-super-decontamination-eraser-blocks-g1614526.html,100 Pcs Magic Sponge Cleaners Set Super Decontamination Eraser Blocks,Cleaning Tools
0,$5.99,,https://www.jollychic.com/p/2-pcs-cleaning-blocks-set-simple-rectangle-nano-silicon-carbide-sponges-g1614630.html,2 Pcs Cleaning Blocks Set Simple Rectangle Nano Silicon Carbide Sponges,Cleaning Tools
0,$4.99,,https://www.jollychic.com/p/2-pairs-kitchen-cloves-set-solid-simple-rubber-cleaning-gloves-g1614632.html,2 Pairs Kitchen Cloves Set Solid Simple Rubber Cleaning Gloves,Cleaning Tools
1,$29.99,,https://www.jollychic.com/p/3-pcs-hair-removers-set-durable-portable-travel-cleaner-brush-set-g1614642.html,3 Pcs Hair Removers Set Durable Portable Travel Cleaner Brush Set,Cleaning Tools
1,$14.99,,https://www.jollychic.com/p/magic-broom-sweep-dust-hair-bathroom-wiper-broom-rotate-connector-rubber-mop-g1614644.html,Magic Broom Sweep Dust Hair Bathroom Wiper Broom Rotate Connector Rubber Mop,Cleaning Tools
0,$37.99,,https://www.jollychic.com/p/1pc-household-hand-push-sweeping-machine-broom-room-floor-dust-sweeper-g1614646.html,1Pc Household Hand Push Sweeping Machine Broom Room Floor Dust Sweeper,Cleaning Tools
0,$12.99,,https://www.jollychic.com/p/home-window-cleaning-brush-double-layers-durable-glass-cleaner-g1614884.html,Home Window Cleaning Brush Double Layers Durable Glass Cleaner,Cleaning Tools
0,$6.99,,https://www.jollychic.com/p/1pc-shoes-washing-brush-multifunctional-long-handle-durable-brush-g1614954.html,1Pc Shoes Washing Brush Multifunctional Long Handle Durable Brush,Cleaning Tools
0,$23.99,,https://www.jollychic.com/p/1pc-bathroom-toilet-brush-double-sided-unique-design-durable-brush-with-rack-g1614956.html,1Pc Bathroom Toilet Brush Double Sided Unique Design Durable Brush With Rack,Cleaning Tools
0,$16.99,,https://www.jollychic.com/p/1pc-home-glass-cleaner-double-sided-detachable-window-glass-cleaning-tool-g1614958.html,1Pc Home Glass Cleaner Double Sided Detachable Window Glass Cleaning Tool,Cleaning Tools
0,$13.99,,https://www.jollychic.com/p/2-pcs-shoe-brushes-macaroon-colorblock-pattern-portable-bilateral-shoe-cleaner-g1622528.html,2 Pcs Shoe Brushes Macaroon Colorblock Pattern Portable Bilateral Shoe Cleaner,Cleaning Tools
0,$4.99,,https://www.jollychic.com/p/6-pcs-cleaing-cloths-multipurpose-cleaning-cloths-kitchen-cleaning-tools-g1623900.html,6 Pcs Cleaing Cloths Multipurpose Cleaning Cloths Kitchen Cleaning Tools,Cleaning Tools
0,$49.99,,https://www.jollychic.com/p/mop-practical-home-use-adjustable-cleaning-mop-multipurpose-cleaning-mop-g1627444.html,Mop Practical Home Use Adjustable Cleaning Mop Multipurpose Cleaning Mop,Cleaning Tools
0,$6.99,,https://www.jollychic.com/p/2-pcs-cleaning-ball-durable-steel-cleaning-brush-with-handle-g1629658.html,2 Pcs Cleaning Ball Durable Steel Cleaning Brush With Handle,Cleaning Tools
0,$6.99,,https://www.jollychic.com/p/2-pcs-cleaning-brush-fruit-design-multi-function-car-kitchen-cleaning-brush-g1629660.html,2 Pcs Cleaning Brush Fruit Design Multi-function Car Kitchen Cleaning Brush,Cleaning Tools
0,$5.99,,https://www.jollychic.com/p/2pcs-cup-brushes-set-long-handle-soft-durable-cleaning-brush-g1630364.html,2Pcs Cup Brushes Set Long Handle Soft Durable Cleaning Brush,Cleaning Tools
0,$5.99,,https://www.jollychic.com/p/2-pcs-washing-brushes-set-multi-functional-useful-convenient-sponge-brush-g1630366.html,2 Pcs Washing Brushes Set Multi Functional Useful Convenient Sponge Brush,Cleaning Tools
0,$5.99,,https://www.jollychic.com/p/2-pcs-kitchen-washing-balls-set-creative-simple-durable-solid-cleaning-brush-g1630368.html,2 Pcs Kitchen Washing Balls Set Creative Simple Durable Solid Cleaning Brush,Cleaning Tools
0,$10.99,,https://www.jollychic.com/p/2-pcs-bowl-washing-cloths-disposable-oil-free-convenient-drawing-type-hand-towels-g1630370.html,2 Pcs Bowl Washing Cloths Disposable Oil Free Convenient Drawing Type Hand Towels,Cleaning Tools
0,$10.99,,https://www.jollychic.com/p/2-pcs-home-washing-cloths-set-double-sided-oil-free-thicken-water-absorbent-cloths-g1630372.html,2 Pcs Home Washing Cloths Set Double Sided Oil Free Thicken Water Absorbent Cloths,Cleaning Tools
0,$4.99,,https://www.jollychic.com/p/5-pcs-cleaning-cloths-set-simple-double-sided-round-shaped-cleaning-tools-g1630374.html,5 Pcs Cleaning Cloths Set Simple Double Sided Round Shaped Cleaning Tools,Cleaning Tools
0,$4.99,,https://www.jollychic.com/p/2-pcs-kitchen-cleaning-brushes-set-simple-steel-wire-long-handle-brush-g1630378.html,2 Pcs Kitchen Cleaning Brushes Set Simple Steel Wire Long Handle Brush,Cleaning Tools
0,$4.99,,https://www.jollychic.com/p/4-pcs-kitchen-cleaning-cloths-set-creative-solid-practical-washing-cloth-g1630380.html,4 Pcs Kitchen Cleaning Cloths Set Creative Solid Practical Washing Cloth,Cleaning Tools
0,$5.99,,https://www.jollychic.com/p/4-pcs-kitchen-cleaning-cloths-set-double-sided-water-absorbent-cloths-g1630382.html,4 Pcs Kitchen Cleaning Cloths Set Double Sided Water Absorbent Cloths,Cleaning Tools
0,$33.99,,https://www.jollychic.com/p/5-in-1-magic-brush-nylon-bathtub-electric-multifunctional-household-tool-g1631174.html,5 In 1 Magic Brush Nylon Bathtub Electric Multifunctional Household Tool,Cleaning Tools
1067,$0.99,$1.99,https://www.jollychic.com/p/eco-friendly-bamboo-fibre-made-thicken-dishcloth-g346534.html,Eco-friendly Bamboo Fibre Made Thicken Dishcloth,Cleaning Tools
1962,$6.99,,https://www.jollychic.com/p/5pcs-cleaning-brush-set-multipurpose-household-cleaning-tools-set-g427834.html,5pcs Cleaning Brush Set Multipurpose Household Cleaning Tools Set,Cleaning Tools
2393,$2.99,,https://www.jollychic.com/p/cleaning-brush-vivid-lovely-flower-shape-household-brush-g431604.html,Cleaning Brush Vivid Lovely Flower Shape Household Brush,Cleaning Tools
506,$1.99,$3.99,https://www.jollychic.com/p/2pcs-cleaning-gloves-set-woven-bamboo-fiber-household-cleaning-gloves-g433026.html,2Pcs Cleaning Gloves Set Woven Bamboo Fiber Household Cleaning Gloves,Cleaning Tools
2748,$4.99,,https://www.jollychic.com/p/2pcs-steel-wire-brush-set-candy-color-handle-design-kitchen-cleaning-brush-g449754.html,2pcs Steel Wire Brush Set Candy Color Handle Design Kitchen Cleaning Brush,Cleaning Tools
2006,$4.99,,https://www.jollychic.com/p/2pcs-pot-brush-set-steel-wire-multipurpose-brush-g485546.html,2pcs Pot Brush Set Steel Wire Multipurpose Brush,Cleaning Tools
447,$0.99,$1.99,https://www.jollychic.com/p/cleaning-brush-set-mini-desk-broom-set-with-dustpan-g493488.html,Cleaning Brush Set Mini Desk Broom Set With Dustpan,Cleaning Tools
439,$1.99,$4.99,https://www.jollychic.com/p/kitchen-use-solid-gloves-waterproof-dedusting-nonstick-oil-gloves-g513354.html,Kitchen Use Solid Gloves Waterproof Dedusting Nonstick Oil Gloves,Cleaning Tools
212,$3.99,,https://www.jollychic.com/p/5pcs-cleaning-block-set-wire-colored-striped-pattern-durable-washing-tools-g513356.html,5Pcs Cleaning Block Set Wire Colored Striped Pattern Durable Washing Tools,Cleaning Tools
853,$4.99,,https://www.jollychic.com/p/rubber-gloves-colorful-floral-pattern-warm-soft-kitchen-use-gloves-g514772.html,Rubber Gloves Colorful Floral Pattern Warm Soft Kitchen Use Gloves,Cleaning Tools
35,$3.99,,https://www.jollychic.com/p/2pcs-bowl-cleaning-sponges-set-likable-frog-shaped-washing-tool-g626182.html,2Pcs Bowl Cleaning Sponges Set Likable Frog Shaped Washing Tool,Cleaning Tools
126,$0.99,$2.99,https://www.jollychic.com/p/dish-cleaning-sponge-adorable-bear-shape-dual-layer-kitchen-cleaning-tool-g628454.html,Dish Cleaning Sponge Adorable Bear Shape Dual Layer Kitchen Cleaning Tool,Cleaning Tools
442,$0.99,$4.99,https://www.jollychic.com/p/bowl-washing-towel-water-absorption-non-shed-kitchen-cleaning-tool-g642152.html,Bowl Washing Towel Water Absorption Non Shed Kitchen Cleaning Tool,Cleaning Tools
526,$6.99,$10.99,https://www.jollychic.com/p/dry-mop-rectangular-non-dust-cloth-household-cleaning-mop-g656984.html,Dry Mop Rectangular Non Dust Cloth Household Cleaning Mop,Cleaning Tools
363,$5.99,$11.99,https://www.jollychic.com/p/3pcs-dish-washing-gloves-sweet-flower-pattern-elastic-cleaning-gloves-g661870.html,3Pcs Dish Washing Gloves Sweet Flower Pattern Elastic Cleaning Gloves,Cleaning Tools
494,$6.99,,https://www.jollychic.com/p/cleaning-brush-multi-functional-non-sticky-pot-washing-brush-g664822.html,Cleaning Brush Multi Functional Non Sticky Pot Washing Brush,Cleaning Tools
116,$7.99,,https://www.jollychic.com/p/2pcs-cleaning-cloth-set-solid-simple-oil-free-wavy-pattern-cloth-g677026.html,2Pcs Cleaning Cloth Set Solid Simple Oil Free Wavy Pattern Cloth,Cleaning Tools
131,$3.99,$7.99,https://www.jollychic.com/p/2pcs-cleaning-cloth-set-simple-solid-oil-free-square-shaped-washing-towel-g677168.html,2Pcs Cleaning Cloth Set Simple Solid Oil Free Square Shaped Washing Towel,Cleaning Tools
200,$5.99,,https://www.jollychic.com/p/2-pcs-cleaning-cloth-set-multi-functional-oil-free-soft-kitchen-cloth-g696152.html,2 Pcs Cleaning Cloth Set Multi Functional Oil Free Soft Kitchen Cloth,Cleaning Tools
93,$11.99,,https://www.jollychic.com/p/paint-roller-tray-kit-household-decorative-painting-brush-point-paint-pad-g707522.html,Paint Roller Tray Kit Household Decorative Painting Brush Point Paint Pad,Cleaning Tools
338,$3.99,$5.99,https://www.jollychic.com/p/cleaning-brush-simple-multi-functional-thicken-soft-cleaning-tool-g719774.html,Cleaning Brush Simple Multi Functional Thicken Soft Cleaning Tool,Cleaning Tools
274,$6.99,,https://www.jollychic.com/p/sticky-picker-t-handle-lint-pet-hair-remover-roller-cleaning-brush-g752552.html,Sticky Picker T Handle Lint Pet Hair Remover Roller Cleaning Brush,Cleaning Tools
37,$3.99,,https://www.jollychic.com/p/1pc-bowl-cleaning-cloth-lovely-cartoon-themed-cleaning-towel-g764962.html,1Pc Bowl Cleaning Cloth Lovely Cartoon Themed Cleaning Towel,Cleaning Tools
168,$2.99,$4.99,https://www.jollychic.com/p/1pc-cleaning-brush-multifunctional-lovely-carrot-design-shoes-washing-tool-g794566.html,1Pc Cleaning Brush Multifunctional Lovely Carrot Design Shoes Washing Tool,Cleaning Tools
130,$1.99,$3.99,https://www.jollychic.com/p/1pc-shoes-brush-lovely-design-multifunctional-soft-hair-cleaning-brush-g794568.html,1Pc Shoes Brush Lovely Design Multifunctional Soft Hair Cleaning Brush,Cleaning Tools
114,$2.99,,https://www.jollychic.com/p/emery-sponge-brush-solid-black-durable-kitchen-cleaning-brush-g814944.html,Emery Sponge Brush Solid Black Durable Kitchen Cleaning Brush,Cleaning Tools
330,$2.99,,https://www.jollychic.com/p/2-pcs-cup-washing-brushes-set-unique-rotary-convenient-cleaning-brush-g846762.html,2 Pcs Cup Washing Brushes Set Unique Rotary Convenient Cleaning Brush,Cleaning Tools
432,$6.99,$13.99,https://www.jollychic.com/p/1pc-pot-brush-washing-liquid-soap-cup-automatic-boiler-dishes-cleaning-brush-g850236.html,1Pc Pot Brush Washing Liquid Soap Cup Automatic Boiler Dishes Cleaning Brush,Cleaning Tools
75,$0.99,$3.99,https://www.jollychic.com/p/silicone-dish-washing-sponge-scrubbers-practical-washing-kitchen-tools-g859058.html,Silicone Dish Washing Sponge Scrubbers Practical Washing Kitchen Tools,Cleaning Tools
449,$4.99,$8.99,https://www.jollychic.com/p/body-fiction-brush-long-wooden-bath-shower-back-spa-scrubber-g860412.html,Body Fiction Brush Long Wooden Bath Shower Back Spa Scrubber,Cleaning Tools
621,$4.99,,https://www.jollychic.com/p/body-brush-long-wooden-bath-shower-back-spa-scrubber-g863210.html,Body Brush Long Wooden Bath Shower Back Spa Scrubber,Cleaning Tools
268,$4.99,,https://www.jollychic.com/p/body-brush-natural-wooden-bath-shower-back-spa-scrubber-g863232.html,Body Brush Natural Wooden Bath Shower Back Spa Scrubber,Cleaning Tools
87,$7.99,,https://www.jollychic.com/p/durable-double-surface-magnetic-aquarium-fish-tank-glass-cleaner-scraper-g867674.html,Durable Double Surface Magnetic Aquarium Fish Tank Glass Cleaner Scraper,Cleaning Tools
99,$2.99,,https://www.jollychic.com/p/12pcs-rod-drain-cleaner-kitchen-toilet-sewage-decontamination-to-deodorant-g867676.html,12Pcs Rod Drain Cleaner Kitchen Toilet Sewage Decontamination To Deodorant,Cleaning Tools
19,$7.99,$14.99,https://www.jollychic.com/p/touch-free-extended-handle-clean-reaching-scrubber-bathtub-kitchen-cleaner-g867678.html,Touch Free Extended Handle Clean Reaching Scrubber Bathtub Kitchen Cleaner,Cleaning Tools
151,$0.99,$1.99,https://www.jollychic.com/p/baby-nipple-brush-360-degree-sponge-cleaner-with-pacifier-brush-g869492.html,Baby Nipple Brush 360 Degree Sponge Cleaner With Pacifier Brush,Cleaning Tools
227,$3.99,,https://www.jollychic.com/p/bathroom-toilet-brush-long-handle-double-side-cleaning-brush-g875208.html,Bathroom Toilet Brush Long Handle Double Side Cleaning Brush,Cleaning Tools
1852,$15.99,$33.99,https://www.jollychic.com/p/home-used-spray-mop-environmental-floor-cleaning-mop-g875382.html,Home Used Spray Mop Environmental Floor Cleaning Mop,Cleaning Tools
98,$3.99,$8.99,https://www.jollychic.com/p/5pcs-glass-fish-tank-aquarium-glass-brush-long-handle-cleaner-kit-g875384.html,5Pcs Glass Fish Tank Aquarium Glass Brush Long Handle Cleaner Kit,Cleaning Tools
146,$1.99,$3.99,https://www.jollychic.com/p/mop-cloth-practical-household-dust-cleaning-reusable-spray-mop-accessory-g875392.html,Mop Cloth Practical Household Dust Cleaning Reusable Spray Mop Accessory,Cleaning Tools
135,$1.99,$4.99,https://www.jollychic.com/p/bath-shower-brush-long-handle-ultra-soft-skin-massage-back-rubbing-brush-g877202.html,Bath Shower Brush Long Handle Ultra Soft Skin Massage Back Rubbing Brush,Cleaning Tools
67,$7.99,,https://www.jollychic.com/p/2-pcs-lint-sticking-roller-brush-set-reusable-handheld-pet-hair-remover-brush-g885504.html,2 Pcs Lint Sticking Roller Brush Set Reusable Handheld Pet Hair Remover Brush,Cleaning Tools
57,$1.00,,https://www.jollychic.com/p/cup-brush-sponge-remove-long-handle-sponge-cleaning-brushes-kitchen-tool-g885528.html,Cup Brush Sponge Remove Long Handle Sponge Cleaning Brushes Kitchen Tool,Cleaning Tools
244,$2.99,,https://www.jollychic.com/p/cleaning-brush-strong-force-sponge-kitchen-pot-washing-tool-g888672.html,Cleaning Brush Strong Force Sponge Kitchen Pot Washing Tool,Cleaning Tools
43,$2.99,$5.99,https://www.jollychic.com/p/10-pcs-washing-square-towels-set-oil-free-kitchen-cleaning-towels-set-g895230.html,10 Pcs Washing Square Towels Set Oil Free Kitchen Cleaning Towels Set,Cleaning Tools
384,$3.99,,https://www.jollychic.com/p/one-pair-home-gloves-set-simple-durable-waterproof-homework-gloves-g897014.html,One Pair Home Gloves Set Simple Durable Waterproof Homework Gloves,Cleaning Tools
127,$10.99,,https://www.jollychic.com/p/drag-harrow-pink-pp-stainless-steel-free-hand-wash-domestic-cleaner-g899676.html,Drag Harrow Pink PP & Stainless Steel Free Hand Wash Domestic Cleaner,Cleaning Tools
109,$18.99,$28.99,https://www.jollychic.com/p/floor-cleaning-mop-simple-durable-detachable-flat-home-mop-g902758.html,Floor Cleaning Mop Simple Durable Detachable Flat Home Mop,Cleaning Tools
86,$1.99,$3.99,https://www.jollychic.com/p/pan-brush-creative-heart-shape-kitchen-cleaning-brush-g927844.html,Pan Brush Creative Heart Shape Kitchen Cleaning Brush,Cleaning Tools
444,$8.99,,https://www.jollychic.com/p/cleaning-brush-home-using-multifunctional-venetian-blind-cleaning-tool-g954882.html,Cleaning Brush Home Using Multifunctional Venetian Blind Cleaning Tool,Cleaning Tools
62,$10.99,$19.99,https://www.jollychic.com/p/fruit-and-vegetable-cleaning-agent-multipurpose-shell-powder-cleaning-agent-g956316.html,Fruit and Vegetable Cleaning Agent Multipurpose Shell Powder Cleaning Agent,Cleaning Tools
257,$4.99,,https://www.jollychic.com/p/windown-wiper-household-multipurpose-spray-windown-cleaner-g1002948.html,Windown Wiper Household Multipurpose Spray Windown Cleaner,Cleaning Tools
1063,$8.99,,https://www.jollychic.com/p/toilet-brush-unique-back-brush-design-cleaning-tool-g1005222.html,Toilet Brush Unique Back Brush Design Cleaning Tool,Cleaning Tools
1444,$0.99,$1.99,https://www.jollychic.com/p/2pcs-mini-desk-cleaning-brush-dustpan-set-solid-durable-small-broom-set-g1020132.html,2Pcs Mini Desk Cleaning Brush Dustpan Set Solid Durable Small Broom Set,Cleaning Tools
39,$2.99,,https://www.jollychic.com/p/replacement-pad-white-microfibre-washable-reusable-steam-mop-cloth-g1023704.html,Replacement Pad White Microfibre Washable Reusable Steam Mop Cloth,Cleaning Tools
382,$3.99,$7.99,https://www.jollychic.com/p/home-cleaning-brush-multifunctional-super-soft-glass-groove-cleaner-g1034336.html,Home Cleaning Brush Multifunctional Super Soft Glass Groove Cleaner,Cleaning Tools
392,$8.99,,https://www.jollychic.com/p/3-pcs-home-cleaners-set-home-durable-multipurpose-screen-window-cleaning-brush-g1034340.html,3 Pcs Home Cleaners Set Home Durable Multipurpose Screen Window Cleaning Brush,Cleaning Tools
470,$3.99,$6.99,https://www.jollychic.com/p/10-pcs-shoes-brushes-set-simple-soft-hair-multipurpose-cleaning-brush-g1034366.html,10 Pcs Shoes Brushes Set Simple Soft Hair Multipurpose Cleaning Brush,Cleaning Tools
409,$7.99,,https://www.jollychic.com/p/10-pcs-cleaning-cloth-set-double-sided-water-absorption-durable-cleaners-g1034372.html,10 Pcs Cleaning Cloth Set Double Sided Water Absorption Durable Cleaners,Cleaning Tools
107,$0.99,$2.99,https://www.jollychic.com/p/one-pair-kitchen-cleaning-gloves-simple-thin-waterproof-soft-housework-gloves-g1034382.html,One Pair Kitchen Cleaning Gloves Simple Thin Waterproof Soft Housework Gloves,Cleaning Tools
542,$20.99,$32.99,https://www.jollychic.com/p/mop-environment-friendly-household-floor-cleaning-tool-set-rotating-mop-g1040970.html,Mop Environment Friendly Household Floor Cleaning Tool Set Rotating Mop,Cleaning Tools
111,$2.99,$6.99,https://www.jollychic.com/p/1-roll-face-towel-one-time-sweet-fresh-style-multipurpose-cleaning-towel-g1045118.html,1 Roll Face Towel One Time Sweet Fresh Style Multipurpose Cleaning Towel,Cleaning Tools
179,$11.99,,https://www.jollychic.com/p/3pcs-toilet-bowl-brush-set-small-sink-bathroom-cleaning-tools-g1058322.html,3Pcs Toilet Bowl Brush Set Small Sink Bathroom Cleaning Tools,Cleaning Tools
335,$0.99,$1.99,https://www.jollychic.com/p/cleaning-brush-creative-s-shaped-toilet-cleaning-brush-g1068592.html,Cleaning Brush Creative S Shaped Toilet Cleaning Brush,Cleaning Tools
38,$0.99,$1.99,https://www.jollychic.com/p/brush-simple-solid-color-multipurpose-home-cleaning-brush-g1068610.html,Brush Simple Solid Color Multipurpose Home Cleaning Brush,Cleaning Tools
154,$12.99,$22.99,https://www.jollychic.com/p/mop-solid-color-home-use-cleaning-mop-roller-designed-cleaning-mop-g1076070.html,Mop Solid Color Home Use Cleaning Mop Roller Designed Cleaning Mop,Cleaning Tools
87,$5.99,$9.99,https://www.jollychic.com/p/cleaning-brush-home-use-glass-cup-brush-long-handle-brush-g1094626.html,Cleaning Brush Home Use Glass Cup Brush Long Handle Brush,Cleaning Tools
132,$3.99,$8.99,https://www.jollychic.com/p/2-pcs-cleaning-brush-double-head-long-plastic-handle-shoes-cleaning-brush-g1095216.html,2 Pcs Cleaning Brush Double Head Long Plastic Handle Shoes Cleaning Brush,Cleaning Tools
132,$3.99,,https://www.jollychic.com/p/sticky-picker-t-handle-lint-pet-hair-remover-roller-g1100584.html,Sticky Picker T Handle Lint Pet Hair Remover Roller,Cleaning Tools
66,$1.99,$2.99,https://www.jollychic.com/p/3pcs-cooking-bench-cleaning-brushes-long-handle-washing-brushes-g1108386.html,3Pcs Cooking Bench Cleaning Brushes Long Handle Washing Brushes,Cleaning Tools
72,$0.99,$1.99,https://www.jollychic.com/p/shoes-brush-plastic-soft-clothes-socks-pants-household-washing-brush-g1108412.html,Shoes Brush Plastic Soft Clothes Socks Pants Household Washing Brush,Cleaning Tools
43,$0.99,$1.99,https://www.jollychic.com/p/1pc-bathtub-brush-creative-kitchen-tool-ceramic-tile-pot-cleaning-brush-g1108414.html,1Pc Bathtub Brush Creative Kitchen Tool Ceramic Tile Pot Cleaning Brush,Cleaning Tools
90,$0.99,$2.99,https://www.jollychic.com/p/duster-cloth-chenille-car-washing-tool-double-faced-household-cleaning-tool-g1108492.html,Duster Cloth Chenille Car Washing Tool Double Faced Household Cleaning Tool,Cleaning Tools
94,$1.99,$3.99,https://www.jollychic.com/p/cleaning-brush-creative-kitchen-tool-fruit-vegetables-household-brush-g1108494.html,Cleaning Brush Creative Kitchen Tool Fruit Vegetables Household Brush,Cleaning Tools
212,$5.99,$10.99,https://www.jollychic.com/p/kitchen-cleaning-cloths-disposable-oil-absorption-wiping-cloths-set-g1113276.html,Kitchen Cleaning Cloths Disposable Oil Absorption Wiping Cloths Set,Cleaning Tools
161,$1.99,$3.99,https://www.jollychic.com/p/cleaning-brush-creative-kitchen-cleaning-brush-window-groove-cleaning-tool-g1116768.html,Cleaning Brush Creative Kitchen Cleaning Brush Window Groove Cleaning Tool,Cleaning Tools
142,$8.99,,https://www.jollychic.com/p/cleaning-brush-3-blades-window-blinds-brushes-air-conditioning-shutter-cleaning-tool-g1118844.html,Cleaning Brush 3 Blades Window Blinds Brushes Air Conditioning Shutter Cleaning Tool,Cleaning Tools
95,$1.99,$2.99,https://www.jollychic.com/p/one-piece-bathroom-toilet-brush-soft-hair-double-heads-useful-cleaning-tool-g1127024.html,One Piece Bathroom Toilet Brush Soft Hair Double Heads Useful Cleaning Tool,Cleaning Tools
499,$1.99,$3.99,https://www.jollychic.com/p/car-cleaning-brush-mini-durable-shutters-groove-cleaning-tool-g1127034.html,Car Cleaning Brush Mini Durable Shutters Groove Cleaning Tool,Cleaning Tools
56,$1.99,$3.99,https://www.jollychic.com/p/1pc-shoes-brush-simple-solid-soft-hair-multifunctional-cleaning-brush-g1127054.html,1Pc Shoes Brush Simple Solid Soft Hair Multifunctional Cleaning Brush,Cleaning Tools
23,$2.99,$6.99,https://www.jollychic.com/p/4-pcs-kitchen-pipe-dredge-powder-durable-convenient-bathroom-toilet-power-g1171118.html,4 Pcs Kitchen Pipe Dredge Powder Durable Convenient Bathroom Toilet Power,Cleaning Tools
82,$0.99,$2.99,https://www.jollychic.com/p/2-pcs-window-cleaning-brushes-practical-multipurpose-cleaning-tools-g1193612.html,2 Pcs Window Cleaning Brushes Practical Multipurpose Cleaning Tools,Cleaning Tools
37,$8.99,,https://www.jollychic.com/p/2-pcs-shoe-care-brushes-multifunctional-double-faced-sponge-brushes-g1211382.html,2 Pcs Shoe Care Brushes Multifunctional Double Faced Sponge Brushes,Cleaning Tools
40,$6.99,,https://www.jollychic.com/p/3-pcs-cleaning-cloth-wipes-water-absorbable-glass-kitchen-table-window-cleaning-cloths-g1243238.html,3 Pcs Cleaning Cloth Wipes Water Absorbable Glass Kitchen Table Window Cleaning Cloths,Cleaning Tools
90,$4.99,,https://www.jollychic.com/p/clean-glue-portable-magic-soft-sticky-clean-glue-gum-silica-gel-for-computer-keyboard-g1244718.html,Clean Glue Portable Magic Soft Sticky Clean Glue Gum Silica Gel for Computer Keyboard,Cleaning Tools
84,$1.99,$4.99,https://www.jollychic.com/p/shoe-polish-suede-leather-cleaning-oil-mould-care-agent-g1248306.html,Shoe Polish Suede Leather Cleaning Oil Mould Care Agent,Cleaning Tools
64,$5.99,,https://www.jollychic.com/p/washing-machine-cleaner-supplies-effective-decontamination-cleaning-tool-g1256132.html,Washing Machine Cleaner Supplies Effective Decontamination Cleaning Tool,Cleaning Tools
39,$2.99,$5.99,https://www.jollychic.com/p/protective-glove-washing-comfortable-flower-gardening-glove-g1273802.html,Protective Glove Washing Comfortable Flower Gardening Glove,Cleaning Tools
109,$11.99,,https://www.jollychic.com/p/window-clean-brush-creative-microfibre-venetian-blind-blade-kitchen-accessories-g1273832.html,Window Clean Brush Creative Microfibre Venetian Blind Blade Kitchen Accessories,Cleaning Tools
19,$3.99,$7.99,https://www.jollychic.com/p/3-pcs-bowl-cleaning-cloths-set-creative-lovely-sushi-design-washing-cloths-g1273888.html,3 Pcs Bowl Cleaning Cloths Set Creative Lovely Sushi Design Washing Cloths,Cleaning Tools
96,$7.99,,https://www.jollychic.com/p/12-pcs-kitchen-sani-pipelines-toilet-bathtub-decontamination-rod-sticks-g1294076.html,12 Pcs Kitchen Sani Pipelines Toilet Bathtub Decontamination Rod Sticks,Cleaning Tools
131,$1.99,,https://www.jollychic.com/p/1pc-shoes-cleaning-detergent-whitening-durable-functional-cleaning-spray-abluent-g1327538.html,1Pc Shoes Cleaning Detergent Whitening Durable Functional Cleaning Spray Abluent,Cleaning Tools
37,$1.99,$4.99,https://www.jollychic.com/p/portable-magic-soft-sticky-clean-glue-gum-silica-gel-computer-keyboard-cleaner-g1336466.html,Portable Magic Soft Sticky Clean Glue Gum Silica Gel Computer Keyboard Cleaner,Cleaning Tools
18,$18.99,$49.99,https://www.jollychic.com/p/spinning-broom-lightweight-cordless-sweeping-hard-surface-cleaner-g1336952.html,Spinning Broom Lightweight Cordless Sweeping Hard Surface Cleaner,Cleaning Tools
15,$8.99,$20.99,https://www.jollychic.com/p/home-cleaning-mop-unique-portable-light-telescopic-durable-cleaning-tool-g1353452.html,Home Cleaning Mop Unique Portable Light Telescopic Durable Cleaning Tool,Cleaning Tools
26,$1.99,,https://www.jollychic.com/p/1pc-shoes-drying-rack-thick-creative-double-hooks-shoes-hanger-g1403542.html,1Pc Shoes Drying Rack Thick Creative Double Hooks Shoes Hanger,Cleaning Tools
26,$15.99,,https://www.jollychic.com/p/1pc-home-cleaning-brush-unique-simple-flat-dust-removal-cleaner-g1406360.html,1Pc Home Cleaning Brush Unique Simple Flat Dust Removal Cleaner,Cleaning Tools
58,$0.99,$4.99,https://www.jollychic.com/p/cup-brush-sponge-remove-long-handle-sponge-cleaning-brushe-kitchen-tool-g1480540.html,Cup Brush Sponge Remove Long Handle Sponge Cleaning Brushe Kitchen Tool,Cleaning Tools
20,$4.99,$13.99,https://www.jollychic.com/p/brush-soft-long-handle-bed-sofa-dust-remove-brush-g1481712.html,Brush Soft Long Handle Bed Sofa Dust Remove Brush,Cleaning Tools
5,$4.99,$14.99,https://www.jollychic.com/p/10-pcs-kitchen-cleaning-cloths-set-simple-double-sided-water-absorbent-cloths-g1482238.html,10 Pcs Kitchen Cleaning Cloths Set Simple Double Sided Water Absorbent Cloths,Cleaning Tools
8,$4.99,$12.99,https://www.jollychic.com/p/5-pcs-kitchen-bowl-washing-sponges-set-fresh-fruits-design-cleaning-cloths-g1482388.html,5 Pcs Kitchen Bowl Washing Sponges Set Fresh Fruits Design Cleaning Cloths,Cleaning Tools
8,$5.99,$15.99,https://www.jollychic.com/p/3-pcs-kitchen-cleaning-brushes-set-creative-multifunctional-water-tap-linked-brush-g1484998.html,3 Pcs Kitchen Cleaning Brushes Set Creative Multifunctional Water Tap Linked Brush,Cleaning Tools
6,$6.99,,https://www.jollychic.com/p/1-pc-shoes-brush-simple-portable-round-shaped-sponge-brush-g1485534.html,1 Pc Shoes Brush Simple Portable Round Shaped Sponge Brush,Cleaning Tools
29,$5.99,,https://www.jollychic.com/p/1-pc-lint-roller-sticky-picker-portable-lint-pet-hair-remover-rollers-g1488650.html,1 Pc Lint Roller Sticky Picker Portable Lint Pet Hair Remover Rollers,Cleaning Tools
44,$11.99,$28.99,https://www.jollychic.com/p/1-pc-toilet-cleaning-creative-bathroom-brush-holder-and-brush-set-g1488666.html,1 Pc Toilet Cleaning Creative Bathroom Brush Holder and Brush Set,Cleaning Tools
36,$11.99,$28.99,https://www.jollychic.com/p/1-pc-toilet-cleaning-brushcreative-swan-shaped-bathroom-brush-holder-and-brush-set-g1488676.html,1 Pc Toilet Cleaning BrushCreative Swan Shaped Bathroom Brush Holder and Brush Set,Cleaning Tools
20,$2.99,$10.99,https://www.jollychic.com/p/1pc-bathroom-toilet-cleaner-portable-durable-deodorant-toilet-cleanser-g1534908.html,1Pc Bathroom Toilet Cleaner Portable Durable Deodorant Toilet Cleanser,Cleaning Tools
15,$3.99,$12.99,https://www.jollychic.com/p/5-pcs-kitchen-cleaning-brushes-set-multifunctional-fruit-washing-brush-g1535106.html,5 Pcs Kitchen Cleaning Brushes Set Multifunctional Fruit Washing Brush,Cleaning Tools
26,$2.99,$9.99,https://www.jollychic.com/p/2-pcs-cleaning-brushes-set-simple-sponge-long-handle-durable-kitchen-brush-g1535190.html,2 Pcs Cleaning Brushes Set Simple Sponge Long Handle Durable Kitchen Brush,Cleaning Tools
44,$6.99,,https://www.jollychic.com/p/1pc-kitchen-gas-oven-cleaning-brush-solid-multi-functional-portable-brush-g1535212.html,1Pc Kitchen Gas Oven Cleaning Brush Solid Multi Functional Portable Brush,Cleaning Tools
20,$2.99,$8.99,https://www.jollychic.com/p/car-washing-sponge-super-thick-car-wiping-cleaning-sponge-block-g1535220.html,Car Washing Sponge Super Thick Car Wiping Cleaning Sponge Block,Cleaning Tools
57,$2.99,$9.99,https://www.jollychic.com/p/2-pcs-shoes-washing-brushes-set-multifunctional-long-handle-durable-brush-g1535222.html,2 Pcs Shoes Washing Brushes Set Multifunctional Long Handle Durable Brush,Cleaning Tools
8,$60.00,,https://www.jollychic.com/p/home-cleaning-tools-multifunctional-electric-long-handle-scrub-spin-cleaning-tools-g1555188.html,Home Cleaning Tools Multifunctional Electric Long Handle Scrub Spin Cleaning Tools,Cleaning Tools
12,$5.99,,https://www.jollychic.com/p/1-pc-lint-roller-sticky-pickers-portable-washable-lint-pet-hair-remover-rollers-g1573256.html,1 Pc Lint Roller Sticky Pickers Portable Washable Lint Pet Hair Remover Rollers,Cleaning Tools
2,$7.99,,https://www.jollychic.com/p/5-pcs-feather-duster-home-room-useful-colorful-cleaner-practical-cleaning-tools-g1582744.html,5 Pcs Feather Duster Home Room Useful Colorful Cleaner Practical Cleaning Tools,Cleaning Tools
17,$9.99,,https://www.jollychic.com/p/cleaning-brush-multi-function-kitchen-bathroom-cleaning-brush-g1582746.html,Cleaning Brush Multi Function Kitchen Bathroom Cleaning Brush,Cleaning Tools
5,$37.99,,https://www.jollychic.com/p/3-pcs-cleaning-brush-set-pet-hair-removal-brush-carpet-soap-cloth-cleaning-brush-g1594124.html,3 Pcs Cleaning Brush Set Pet Hair Removal Brush Carpet Soap Cloth Cleaning Brush,Cleaning Tools
9,$6.99,,https://www.jollychic.com/p/1-pc-feather-duster-soft-feather-cleaning-tools-with-black-handle-g1595574.html,1 Pc Feather Duster Soft Feather Cleaning Tools With Black Handle,Cleaning Tools
2,$9.99,,https://www.jollychic.com/p/royal-buy-glass-wiper-handle-adjust-double-sided-windshield-window-glass-wash-cleaner-brush-g1595580.html,ROYAL-BUY Glass Wiper Handle Adjust Double Sided Windshield Window Glass Wash Cleaner Brush,Cleaning Tools
4,$5.99,,https://www.jollychic.com/p/1-pc-dish-brush-creative-hanging-long-handle-drying-agent-g1595592.html,1 Pc Dish Brush Creative Hanging Long Handle Drying Agent,Cleaning Tools
15811,$1.99,,https://www.jollychic.com/p/washable-roll-type-non-woven-cleaning-cloth-set-of-50pcs-g359548.html,Washable Roll Type Non Woven Cleaning Cloth Set of 50Pcs,Cleaning Tools
523,$1.99,$4.99,https://www.jollychic.com/p/2pcs-clean-towel-top-grade-unique-clean-towel-g444880.html,2PCS Clean Towel Top Grade Unique Clean Towel,Cleaning Tools
261,$4.99,,https://www.jollychic.com/p/2pcs-steel-wire-brush-set-high-quality-kitchen-cleaning-brush-g449656.html,2PCS Steel Wire Brush Set High Quality Kitchen Cleaning Brush,Cleaning Tools
697,$1.99,$4.99,https://www.jollychic.com/p/shoes-brush-dual-side-multi-functional-cleaning-tool-practical-household-g476974.html,Shoes Brush Dual Side Multi Functional Cleaning Tool Practical Household,Cleaning Tools
377,$0.99,$1.99,https://www.jollychic.com/p/duster-cloth-kitchen-use-soft-water-uptake-cleaning-cloth-g481364.html,Duster Cloth Kitchen Use Soft Water Uptake Cleaning Cloth,Cleaning Tools
80,$3.99,,https://www.jollychic.com/p/4pcs-washing-block-set-fresh-colored-soft-water-absorption-cleaning-block-g513368.html,4Pcs Washing Block Set Fresh Colored Soft Water Absorption Cleaning Block,Cleaning Tools
259,$3.99,,https://www.jollychic.com/p/shoes-cleaning-brush-multi-purposes-multiaspect-durable-shoes-brushes-g514920.html,Shoes Cleaning Brush Multi Purposes Multiaspect Durable Shoes Brushes,Cleaning Tools
157,$1.99,$5.99,https://www.jollychic.com/p/one-piece-cleaning-glove-fresh-solid-colored-soft-kitchen-glove-g536470.html,One Piece Cleaning Glove Fresh Solid Colored Soft Kitchen Glove,Cleaning Tools
829,$5.99,,https://www.jollychic.com/p/cleaning-cloth-multi-useful-water-absorption-cleaning-glass-cloth-g602458.html,Cleaning Cloth Multi Useful Water Absorption Cleaning Glass Cloth,Cleaning Tools
45,$3.99,,https://www.jollychic.com/p/2pcs-cleaning-sponges-set-loving-heart-shaped-soft-bowl-washing-cloth-g626180.html,2Pcs Cleaning Sponges Set Loving Heart Shaped Soft Bowl Washing Cloth,Cleaning Tools
163,$1.99,$3.99,https://www.jollychic.com/p/2pcs-dish-cleaning-sponge-dual-layer-soft-kitchen-cleaning-tool-g628456.html,2Pcs Dish Cleaning Sponge Dual Layer Soft Kitchen Cleaning Tool,Cleaning Tools
76,$27.99,,https://www.jollychic.com/p/glass-scraper-snow-moisture-removal-bathroom-g664336.html,Glass Scraper Snow Moisture Removal Bathroom,Cleaning Tools
172,$4.99,,https://www.jollychic.com/p/20pcs-gloves-set-disposable-useful-various-size-pvc-gloves-set-g664664.html,20Pcs Gloves Set Disposable Useful Various Size PVC Gloves Set,Cleaning Tools
40,$8.99,,https://www.jollychic.com/p/2pcs-cleaning-cloth-set-one-time-use-drawing-type-ecofriendly-cloth-g664666.html,2Pcs Cleaning Cloth Set One Time Use Drawing Type Ecofriendly Cloth,Cleaning Tools
103,$3.99,,https://www.jollychic.com/p/1pc-washing-cloth-fresh-likable-strawberry-shaped-kitchen-cleaning-cloth-g707258.html,1Pc Washing Cloth Fresh Likable Strawberry Shaped Kitchen Cleaning Cloth,Cleaning Tools
407,$6.99,$14.99,https://www.jollychic.com/p/toilet-cleaning-brush-durable-double-sides-strong-decontamination-brush-with-rack-g719692.html,Toilet Cleaning Brush Durable Double Sides Strong Decontamination Brush With Rack,Cleaning Tools
252,$1.99,$3.99,https://www.jollychic.com/p/1pc-steel-wool-creative-household-shy-people-steel-wire-ball-g722784.html,1Pc Steel Wool Creative Household Shy People Steel Wire Ball,Cleaning Tools
141,$3.99,,https://www.jollychic.com/p/cleaning-brush-folding-scraper-multifunctional-gas-stove-brush-g751280.html,Cleaning Brush Folding Scraper Multifunctional Gas Stove Brush,Cleaning Tools
27,$3.99,,https://www.jollychic.com/p/cleaning-cloth-durable-multi-functional-kitchen-dish-washing-brush-g810258.html,Cleaning Cloth Durable Multi Functional Kitchen Dish Washing Brush,Cleaning Tools
173,$5.99,,https://www.jollychic.com/p/nano-cleaning-brush-durable-kitchen-pot-washing-brush-g810260.html,Nano Cleaning Brush Durable Kitchen Pot Washing Brush,Cleaning Tools
165,$2.99,,https://www.jollychic.com/p/1pc-cup-cleaning-brush-simple-multifunctional-detachable-portable-brush-g846756.html,1Pc Cup Cleaning Brush Simple Multifunctional Detachable Portable Brush,Cleaning Tools
87,$6.99,,https://www.jollychic.com/p/cleaning-brush-multifunctional-silicone-folding-kitchen-fruit-cleaning-brush-g862614.html,Cleaning Brush Multifunctional Silicone Folding Kitchen Fruit Cleaning Brush,Cleaning Tools
37,$3.99,,https://www.jollychic.com/p/cleaning-brush-magic-rust-remover-cleaning-sand-sponge-brush-g862856.html,Cleaning Brush Magic Rust Remover Cleaning Sand Sponge Brush,Cleaning Tools
48,$1.99,,https://www.jollychic.com/p/1pc-cleaning-brush-loverly-pot-pan-dish-bowl-convenient-cleaner-g863000.html,1Pc Cleaning Brush Loverly Pot Pan Dish Bowl Convenient Cleaner,Cleaning Tools
60,$23.99,,https://www.jollychic.com/p/cleaning-brush-electric-household-multifuction-window-cleaner-g863004.html,Cleaning Brush Electric Household Multifuction Window Cleaner,Cleaning Tools
33,$1.99,$2.99,https://www.jollychic.com/p/cleaning-brush-aquarium-fish-tank-algae-glass-double-faces-cleaner-g863256.html,Cleaning Brush Aquarium Fish Tank Algae Glass Double Faces Cleaner,Cleaning Tools
43,$1.99,$2.99,https://www.jollychic.com/p/universal-scraping-clean-window-glass-blowing-cleaner-wiper-g867786.html,Universal Scraping Clean Window Glass Blowing Cleaner Wiper,Cleaning Tools
62,$4.99,$12.99,https://www.jollychic.com/p/100pcs-magic-sponge-erasers-set-white-multifunctional-cleaner-g873618.html,100Pcs Magic Sponge Erasers Set White Multifunctional Cleaner,Cleaning Tools
62,$3.99,$9.99,https://www.jollychic.com/p/100-pcs-magic-sponge-erasers-set-multi-functional-sponge-cleaners-set-g874856.html,100 Pcs Magic Sponge Erasers Set Multi Functional Sponge Cleaners Set,Cleaning Tools
114,$4.99,,https://www.jollychic.com/p/soft-microfiber-flexible-feather-duster-home-room-useful-cleaner-g875198.html,Soft Microfiber Flexible Feather Duster Home Room Useful Cleaner,Cleaning Tools
212,$0.99,$1.99,https://www.jollychic.com/p/home-cleaning-floor-mop-head-soft-360-degree-rotation-floor-mop-head-g875390.html,Home Cleaning Floor Mop Head Soft 360 Degree Rotation Floor Mop Head,Cleaning Tools
55,$2.99,$3.99,https://www.jollychic.com/p/cleaning-wiper-unique-simple-super-soft-double-sided-cleaner-g888608.html,Cleaning Wiper Unique Simple Super Soft Double Sided Cleaner,Cleaning Tools
40,$3.99,,https://www.jollychic.com/p/one-piece-cleaning-cloth-simple-solid-super-soft-wiper-g890986.html,One Piece Cleaning Cloth Simple Solid Super Soft Wiper,Cleaning Tools
46,$6.99,,https://www.jollychic.com/p/pan-brush-set-replaceable-thick-sponge-brushes-g927850.html,Pan Brush Set Replaceable Thick Sponge Brushes,Cleaning Tools
28,$4.99,$6.99,https://www.jollychic.com/p/cleaning-brush-dual-headed-washing-machine-cleaner-g932256.html,Cleaning Brush Dual Headed Washing Machine Cleaner,Cleaning Tools
24,$14.99,,https://www.jollychic.com/p/3pcs-replacement-mop-heads-household-fit-flat-spray-mops-g932258.html,3Pcs Replacement Mop Heads Household Fit Flat Spray Mops,Cleaning Tools
384,$6.99,,https://www.jollychic.com/p/4-pcs-sponge-brushes-set-kitchen-dolphin-shaped-double-sided-cleaning-brush-g1034344.html,4 Pcs Sponge Brushes Set Kitchen Dolphin Shaped Double Sided Cleaning Brush,Cleaning Tools
431,$4.99,$10.99,https://www.jollychic.com/p/10-pcs-cleaning-brushes-set-mini-simple-groove-dust-removal-cleaners-g1034352.html,10 Pcs Cleaning Brushes Set Mini Simple Groove Dust Removal Cleaners,Cleaning Tools
362,$7.99,,https://www.jollychic.com/p/15-pcs-bowl-washing-cloth-set-simple-square-five-layers-thick-washing-towels-g1034362.html,15 Pcs Bowl Washing Cloth Set Simple Square Five Layers Thick Washing Towels,Cleaning Tools
27,$1.00,,https://www.jollychic.com/p/bowls-washing-sponge-block-simple-solid-durable-kitchen-cleaning-tool-g1034376.html,Bowls Washing Sponge Block Simple Solid Durable Kitchen Cleaning Tool,Cleaning Tools
30,$0.99,$1.99,https://www.jollychic.com/p/3-pcs-cleaning-cloth-set-simple-square-shaped-water-absorption-bowls-washing-towel-g1034378.html,3 Pcs Cleaning Cloth Set Simple Square Shaped Water Absorption Bowls Washing Towel,Cleaning Tools
1,$6.99,,https://www.jollychic.com/p/3pcs-duster-cloth-washing-dish-ball-set-bamboo-fiber-cleaning-tools-g1058330.html,3Pcs Duster Cloth Washing Dish Ball Set Bamboo Fiber Cleaning Tools,Cleaning Tools
38,$1.99,$3.99,https://www.jollychic.com/p/cleaning-cloth-thick-unique-glove-design-lovely-kitchen-cleaning-cloth-g1068588.html,Cleaning Cloth Thick Unique Glove Design Lovely Kitchen Cleaning Cloth,Cleaning Tools
23,$0.99,$2.99,https://www.jollychic.com/p/window-cleaning-brush-easy-use-gauze-window-special-cleaning-brush-g1068594.html,Window Cleaning Brush Easy Use Gauze Window Special Cleaning Brush,Cleaning Tools
12,$0.99,$1.99,https://www.jollychic.com/p/2-pcs-cleaning-brush-home-use-pot-cleaning-brush-sponge-brush-g1068634.html,2 Pcs Cleaning Brush Home Use Pot Cleaning Brush Sponge Brush,Cleaning Tools
9,$0.99,$2.99,https://www.jollychic.com/p/cleaning-brush-large-size-sponge-cleaning-brush-car-cleaning-tool-g1075996.html,Cleaning Brush Large Size Sponge Cleaning Brush Car Cleaning Tool,Cleaning Tools
9,$1.99,$4.99,https://www.jollychic.com/p/6-pcs-cleaning-cloths-thick-home-use-kitchen-cleaning-cloths-g1076008.html,6 Pcs Cleaning Cloths Thick Home Use Kitchen Cleaning Cloths,Cleaning Tools
224,$11.99,$20.99,https://www.jollychic.com/p/broom-set-simple-solid-color-home-use-cleaning-tools-broom-and-dustpan-set-g1076034.html,Broom Set Simple Solid Color Home Use Cleaning Tools Broom and Dustpan Set,Cleaning Tools
77,$1.99,$3.99,https://www.jollychic.com/p/one-pair-cleaning-gloves-waterproof-thick-durable-kitchen-gloves-g1076080.html,One Pair Cleaning Gloves Waterproof Thick Durable Kitchen Gloves,Cleaning Tools
32,$0.99,$2.99,https://www.jollychic.com/p/1-pc-cloth-water-absorption-hanging-coral-fleece-dish-towel-g1076106.html,1 Pc Cloth Water Absorption Hanging Coral Fleece Dish Towel,Cleaning Tools
137,$8.99,,https://www.jollychic.com/p/nylon-tube-brush-set-cleaning-brush-set-for-glasses-keyboards-jewelry-cleaning-g1078552.html,Nylon Tube Brush Set Cleaning Brush Set for Glasses Keyboards Jewelry Cleaning,Cleaning Tools
35,$5.99,,https://www.jollychic.com/p/1pc-kitchen-cleaning-brush-multifunctional-creative-sunflower-shaped-cleaner-g1080976.html,1Pc Kitchen Cleaning Brush Multifunctional Creative Sunflower Shaped Cleaner,Cleaning Tools
22,$2.99,$6.99,https://www.jollychic.com/p/window-cleaner-simple-solid-durable-home-cleaning-tool-g1091444.html,Window Cleaner Simple Solid Durable Home Cleaning Tool,Cleaning Tools
14,$2.99,$6.99,https://www.jollychic.com/p/2-pcs-cleaning-brush-home-use-cleaning-brush-sponge-brush-g1094624.html,2 Pcs Cleaning Brush Home Use Cleaning Brush Sponge Brush,Cleaning Tools
50,$0.99,$1.99,https://www.jollychic.com/p/washing-brush-simple-long-handle-kitchen-pot-cleaning-tool-g1100856.html,Washing Brush Simple Long Handle Kitchen Pot Cleaning Tool,Cleaning Tools
52,$0.99,$2.99,https://www.jollychic.com/p/home-window-brush-simple-unique-design-groove-cleaning-tool-g1108226.html,Home Window Brush Simple Unique Design Groove Cleaning Tool,Cleaning Tools
3,$1.99,$5.99,https://www.jollychic.com/p/5-pcs-kitchen-bowl-cleaning-cloths-set-thicken-water-absorption-washing-towels-g1108230.html,5 Pcs Kitchen Bowl Cleaning Cloths Set Thicken Water Absorption Washing Towels,Cleaning Tools
62,$1.99,$4.99,https://www.jollychic.com/p/one-piece-hand-wipe-towel-hanging-strong-water-absorption-soft-cloth-g1108232.html,One Piece Hand Wipe Towel Hanging Strong Water Absorption Soft Cloth,Cleaning Tools
20,$1.99,$5.99,https://www.jollychic.com/p/home-glass-cleaner-simple-durable-floor-water-windshield-wiper-g1108310.html,Home Glass Cleaner Simple Durable Floor Water Windshield Wiper,Cleaning Tools
62,$1.99,$3.99,https://www.jollychic.com/p/mini-broom-set-simple-solid-color-keyboard-cleaning-brush-mini-broom-and-dustpan-set-g1108328.html,Mini Broom Set Simple Solid Color Keyboard Cleaning Brush Mini Broom and Dustpan Set,Cleaning Tools
16,$1.99,$3.99,https://www.jollychic.com/p/scouring-pad-thicken-water-absorption-dust-cloth-cleaning-cloth-g1108388.html,Scouring Pad Thicken Water Absorption Dust Cloth Cleaning Cloth,Cleaning Tools
28,$1.99,$2.99,https://www.jollychic.com/p/3pcs-cooking-bench-cleaning-brushes-kitchen-tool-washing-brushes-g1108398.html,3Pcs Cooking Bench Cleaning Brushes Kitchen Tool Washing Brushes,Cleaning Tools
6,$1.99,$3.99,https://www.jollychic.com/p/5-pcs-cleaning-brushes-set-rectangle-sponge-thicken-kitchen-cleaners-set-g1113268.html,5 Pcs Cleaning Brushes Set Rectangle Sponge Thicken Kitchen Cleaners Set,Cleaning Tools
175,$9.99,,https://www.jollychic.com/p/4-pcs-glass-cleaners-glasses-sunglasses-portable-convenient-glass-cleaning-tools-g1118842.html,4 Pcs Glass Cleaners Glasses Sunglasses Portable Convenient Glass Cleaning Tools,Cleaning Tools
51,$3.99,$6.99,https://www.jollychic.com/p/1pc-kitchen-pan-brush-simple-nonstick-long-handle-cleaning-brush-g1121798.html,1Pc Kitchen Pan Brush Simple Nonstick Long Handle Cleaning Brush,Cleaning Tools
15,$1.99,$5.99,https://www.jollychic.com/p/2pcs-cleaning-brushes-handle-foams-bathtub-kitchen-ventilator-brushes-g1130864.html,2Pcs Cleaning Brushes Handle Foams Bathtub Kitchen Ventilator Brushes,Cleaning Tools
47,$1.99,$2.99,https://www.jollychic.com/p/50-pcs-disposable-gloves-set-thicken-transparent-multipurpose-kitchen-gloves-g1131146.html,50 Pcs Disposable Gloves Set Thicken Transparent Multipurpose Kitchen Gloves,Cleaning Tools
42,$1.99,$5.99,https://www.jollychic.com/p/200-pcs-kitchen-disposable-gloves-set-simple-transparent-thicken-housework-gloves-g1131158.html,200 Pcs Kitchen Disposable Gloves Set Simple Transparent Thicken Housework Gloves,Cleaning Tools
16,$0.99,$1.99,https://www.jollychic.com/p/one-piece-cleaning-cloth-strong-water-absorption-solid-kitchen-cleaner-g1131180.html,One Piece Cleaning Cloth Strong Water Absorption Solid Kitchen Cleaner,Cleaning Tools
23,$2.99,$6.99,https://www.jollychic.com/p/3-pcs-cleaning-cloth-simple-solid-color-thick-kitchen-towel-g1156526.html,3 Pcs Cleaning Cloth Simple Solid Color Thick Kitchen Towel,Cleaning Tools
25,$1.99,$3.99,https://www.jollychic.com/p/2-pc-cleaning-cloths-multipurpose-flower-decor-cleaning-towels-g1159610.html,2 Pc Cleaning Cloths Multipurpose Flower Decor Cleaning Towels,Cleaning Tools
6,$2.99,$5.99,https://www.jollychic.com/p/3-pcs-bowl-washing-cloths-set-unique-oil-free-cleaning-brushes-g1174432.html,3 Pcs Bowl Washing Cloths Set Unique Oil Free Cleaning Brushes,Cleaning Tools
5,$5.99,,https://www.jollychic.com/p/1-pc-cup-brush-kitchen-cleaning-tool-sponge-brush-for-wine-glass-bottle-glass-cup-g1192104.html,1 Pc Cup Brush Kitchen Cleaning Tool Sponge Brush For Wine Glass Bottle Glass Cup,Cleaning Tools
43,$4.99,,https://www.jollychic.com/p/1-pc-facial-brush-small-octopus-shape-multifunctional-exfoliating-massage-brush-g1212550.html,1 Pc Facial Brush Small Octopus Shape Multifunctional Exfoliating Massage Brush,Cleaning Tools
89,$7.99,$14.99,https://www.jollychic.com/p/cleaning-brush-multifunction-press-liquid-spary-long-handle-decontamination-brush-g1242972.html,Cleaning Brush Multifunction Press Liquid Spary Long Handle Decontamination Brush,Cleaning Tools
6,$12.99,$24.99,https://www.jollychic.com/p/detergent-home-use-clothes-cleaner-practical-cleaner-washing-agent-g1244666.html,Detergent Home Use Clothes Cleaner Practical Cleaner Washing Agent,Cleaning Tools
16,$2.99,,https://www.jollychic.com/p/1pc-home-cup-washing-brush-brief-style-durable-sponge-bottle-brush-g1256062.html,1Pc Home Cup Washing Brush Brief Style Durable Sponge Bottle Brush,Cleaning Tools
14,$14.99,,https://www.jollychic.com/p/washing-dishes-brush-long-handle-design-non-stick-oil-pot-can-cleaning-brush-g1268726.html,Washing Dishes Brush Long Handle Design Non Stick Oil Pot Can Cleaning Brush,Cleaning Tools
7,$4.99,,https://www.jollychic.com/p/1pc-cleaning-cloth-double-sides-water-absorbtion-kitchen-wash-cloth-g1268866.html,1Pc Cleaning Cloth Double Sides Water Absorbtion Kitchen Wash Cloth,Cleaning Tools
38,$1.99,$3.99,https://www.jollychic.com/p/cleaning-brush-window-groove-cleaner-household-accessories-g1268890.html,Cleaning Brush Window Groove Cleaner Household Accessories,Cleaning Tools
21,$1.99,$3.99,https://www.jollychic.com/p/1pc-cleaning-glove-washing-clothes-bowls-hand-protective-glove-g1273668.html,1Pc Cleaning Glove Washing Clothes Bowls Hand Protective Glove,Cleaning Tools
5,$6.99,,https://www.jollychic.com/p/1-pc-cup-washing-brush-cartoon-style-standing-durable-sponge-bottle-brush-g1307438.html,1 Pc Cup Washing Brush Cartoon Style Standing Durable Sponge Bottle Brush,Cleaning Tools
2,$3.99,,https://www.jollychic.com/p/1-pc-kitchen-cleaning-cloth-solid-color-bowel-pot-cleaning-tool-g1307440.html,1 Pc Kitchen Cleaning Cloth Solid Color Bowel Pot Cleaning Tool,Cleaning Tools
3,$6.99,,https://www.jollychic.com/p/brush-simple-solid-color-multipurpose-home-cleaning-brush-g1325002.html,Brush Simple Solid Color Multipurpose Home Cleaning Brush,Cleaning Tools
21,$0.99,$4.99,https://www.jollychic.com/p/1pc-kitchen-washing-cloth-super-soft-solid-water-absorption-cleaning-cloth-g1353378.html,1Pc Kitchen Washing Cloth Super Soft Solid Water Absorption Cleaning Cloth,Cleaning Tools
35,$3.99,$12.99,https://www.jollychic.com/p/window-cleaning-brush-mini-simple-durable-groove-cleaning-tool-g1353410.html,Window Cleaning Brush Mini Simple Durable Groove Cleaning Tool,Cleaning Tools
28,$2.99,$10.99,https://www.jollychic.com/p/computer-keyboard-cleaning-brush-small-useful-dust-removal-brush-with-dustpan-g1353420.html,Computer Keyboard Cleaning Brush Small Useful Dust Removal Brush With Dustpan,Cleaning Tools
37,$3.99,$10.99,https://www.jollychic.com/p/1pc-car-duster-simple-solid-multi-functional-scalable-dust-removal-brush-g1353444.html,1Pc Car Duster Simple Solid Multi Functional Scalable Dust Removal Brush,Cleaning Tools
11,$5.99,$13.99,https://www.jollychic.com/p/5-pcs-kitchen-washing-brushes-set-unique-creative-hydraumatic-cleaner-g1384554.html,5 Pcs Kitchen Washing Brushes Set Unique Creative Hydraumatic Cleaner,Cleaning Tools
1,$0.99,$4.99,https://www.jollychic.com/p/4-pcs-cleaning-brushes-multifunctional-pot-bowl-cleaning-brushes-g1385704.html,4 Pcs Cleaning Brushes Multifunctional Pot Bowl Cleaning Brushes,Cleaning Tools
10,$12.99,,https://www.jollychic.com/p/2pcs-kitchen-washing-steel-wire-balls-set-mini-useful-cleaners-g1386556.html,2Pcs Kitchen Washing Steel Wire Balls Set Mini Useful Cleaners,Cleaning Tools
11,$10.99,,https://www.jollychic.com/p/4-pcs-kitchen-pot-washing-brushes-set-creative-hydraumatic-washing-brush-g1386568.html,4 Pcs Kitchen Pot Washing Brushes Set Creative Hydraumatic Washing Brush,Cleaning Tools
13,$3.99,$10.99,https://www.jollychic.com/p/cleaning-brush-multi-functional-simple-portable-detachable-brush-g1395442.html,Cleaning Brush Multi Functional Simple Portable Detachable Brush,Cleaning Tools
10,$0.99,$4.99,https://www.jollychic.com/p/home-shoes-cleaning-brush-long-handle-soft-hair-durable-brush-g1403318.html,Home Shoes Cleaning Brush Long Handle Soft Hair Durable Brush,Cleaning Tools
9,$12.99,,https://www.jollychic.com/p/1pc-bathroom-brush-long-handle-multifunctional-triangular-sponge-brush-g1403568.html,1Pc Bathroom Brush Long Handle Multifunctional Triangular Sponge Brush,Cleaning Tools
7,$12.99,,https://www.jollychic.com/p/kitchen-cleaning-ball-creative-short-handle-stainless-steel-cleaner-g1405014.html,Kitchen Cleaning Ball Creative Short Handle Stainless Steel Cleaner,Cleaning Tools
8,$9.99,,https://www.jollychic.com/p/home-shoes-brush-multi-functional-portable-useful-brush-g1405016.html,Home Shoes Brush Multi Functional Portable Useful Brush,Cleaning Tools
4,$5.99,,https://www.jollychic.com/p/2-pcs-laundry-washing-balls-set-reusable-dryer-replace-softener-laundry-balls-g1443604.html,2 Pcs Laundry Washing Balls Set Reusable Dryer Replace Softener Laundry Balls,Cleaning Tools
0,$3.99,$12.99,https://www.jollychic.com/p/kitchen-bowl-washing-cloth-water-absorbent-solid-oil-free-cleaning-cloth-g1446286.html,Kitchen Bowl Washing Cloth Water Absorbent Solid Oil Free Cleaning Cloth,Cleaning Tools
2,$0.99,$4.99,https://www.jollychic.com/p/bathroom-toilet-brush-solid-white-soft-head-durable-cleaning-brush-g1446876.html,Bathroom Toilet Brush Solid White Soft Head Durable Cleaning Brush,Cleaning Tools
5,$1.99,$3.99,https://www.jollychic.com/p/kitchen-cleaning-sponge-corundum-durable-rust-removal-sponge-block-g1446882.html,Kitchen Cleaning Sponge Corundum Durable Rust Removal Sponge Block,Cleaning Tools
22,$3.99,$11.99,https://www.jollychic.com/p/10-pcs-computer-keyboard-brushes-set-multipurpose-dust-cleaning-brush-g1453532.html,10 Pcs Computer Keyboard Brushes Set Multipurpose Dust Cleaning Brush,Cleaning Tools
10,$1.99,$5.99,https://www.jollychic.com/p/home-cleaning-tool-creative-chenille-soft-long-handle-dust-removal-tool-g1453538.html,Home Cleaning Tool Creative Chenille Soft Long Handle Dust Removal Tool,Cleaning Tools
9,$1.99,$5.99,https://www.jollychic.com/p/kitchen-cleaning-sponge-brush-magic-useful-rust-removal-brush-g1453548.html,Kitchen Cleaning Sponge Brush Magic Useful Rust Removal Brush,Cleaning Tools
15,$14.99,,https://www.jollychic.com/p/kitchen-pot-washing-brush-long-handle-antiskid-dust-removal-brush-g1453560.html,Kitchen Pot Washing Brush Long Handle Antiskid Dust Removal Brush,Cleaning Tools
11,$3.99,$15.99,https://www.jollychic.com/p/desk-cleaning-tools-set-mini-useful-cleaning-broom-with-dustpan-set-g1474614.html,Desk Cleaning Tools Set Mini Useful Cleaning Broom With Dustpan Set,Cleaning Tools
17,$3.99,$11.99,https://www.jollychic.com/p/cleaning-brush-multi-function-kitchen-bathroom-cleaning-brush-g1480526.html,Cleaning Brush Multi Function Kitchen Bathroom Cleaning Brush,Cleaning Tools
6,$8.99,,https://www.jollychic.com/p/1pc-silica-gel-washing-bowl-brush-universal-hot-multipurpose-antibacterial-brush-g1481542.html,1Pc Silica Gel Washing Bowl Brush Universal Hot Multipurpose Antibacterial Brush,Cleaning Tools
16,$3.99,$12.99,https://www.jollychic.com/p/1-pc-cleaning-brush-simple-solid-color-head-replaceable-cleaning-brush-creative-kitchen-tool-g1481714.html,1 Pc Cleaning Brush Simple Solid Color Head Replaceable Cleaning Brush Creative Kitchen Tool,Cleaning Tools
13,$23.99,,https://www.jollychic.com/p/home-mop-simple-long-handle-foldable-portable-durable-floor-mop-g1535148.html,Home Mop Simple Long Handle Foldable Portable Durable Floor Mop,Cleaning Tools
22,$2.99,$9.99,https://www.jollychic.com/p/2-pcs-kitchen-cup-washing-brushes-set-creative-long-handle-bottle-washing-brush-g1535194.html,2 Pcs Kitchen Cup Washing Brushes Set Creative Long Handle Bottle Washing Brush,Cleaning Tools
14,$8.99,$21.99,https://www.jollychic.com/p/1-pc-toilet-cleaning-brush-stainless-steel-base-long-handle-bathroom-brush-g1535198.html,1 Pc Toilet Cleaning Brush Stainless Steel Base Long Handle Bathroom Brush,Cleaning Tools
7,$2.99,$9.99,https://www.jollychic.com/p/4-pcs-kitchen-washing-cloths-set-solid-thick-oil-free-cleaning-cloths-g1535218.html,4 Pcs Kitchen Washing Cloths Set Solid Thick Oil Free Cleaning Cloths,Cleaning Tools
11,$1.99,$6.99,https://www.jollychic.com/p/4-pcs-cleaning-brushes-set-unique-curving-shaped-useful-cleaners-g1535224.html,4 Pcs Cleaning Brushes Set Unique Curving Shaped Useful Cleaners,Cleaning Tools
34,$1.99,$5.99,https://www.jollychic.com/p/3-pcs-kitchen-washing-brushes-set-durable-multipurpose-rubbing-brush-g1535232.html,3 Pcs Kitchen Washing Brushes Set Durable Multipurpose Rubbing Brush,Cleaning Tools
3,$10.99,,https://www.jollychic.com/p/5-pcs-cleaing-cloths-soft-multipurpose-solid-color-cleaning-cloths-kitchen-cleaning-tools-g1550432.html,5 Pcs Cleaing Cloths Soft MUltipurpose Solid Color Cleaning Cloths Kitchen Cleaning Tools,Cleaning Tools
12,$3.99,$12.99,https://www.jollychic.com/p/2-pcs-cleaning-brush-3-blades-window-blinds-brushes-air-conditioning-shutter-cleaning-tool-g1551836.html,2 Pcs Cleaning Brush 3 Blades Window Blinds Brushes Air Conditioning Shutter Cleaning Tool,Cleaning Tools
6,$1.99,$7.99,https://www.jollychic.com/p/2-pcs-cleaing-brushes-multipurpose-long-handle-kitchen-cleaning-tools-g1551842.html,2 Pcs Cleaing Brushes Multipurpose Long Handle Kitchen Cleaning Tools,Cleaning Tools
9,$4.99,,https://www.jollychic.com/p/one-pair-oversleeves-fresh-simple-style-antifouling-dustproof-oversleeves-g1573254.html,One Pair Oversleeves Fresh Simple Style Antifouling Dustproof Oversleeves,Cleaning Tools
1,$23.99,,https://www.jollychic.com/p/toilet-brush-homeuse-simple-solid-toilet-brush-g1575018.html,Toilet Brush Homeuse Simple Solid Toilet Brush,Cleaning Tools
164,$4.99,,https://www.jollychic.com/p/multifunctional-high-quality-dust-cleaning-brush-g381192.html,Multifunctional High Quality Dust Cleaning Brush,Cleaning Tools
537,$5.99,$14.99,https://www.jollychic.com/p/5pcs-dust-cleaning-cloth-set-colorful-useful-bamboo-fiber-cleaning-cloth-g417170.html,5pcs Dust Cleaning Cloth Set Colorful Useful Bamboo Fiber Cleaning Cloth,Cleaning Tools
940,$4.99,$9.99,https://www.jollychic.com/p/4pcs-dust-cleaning-cloth-set-solid-high-quality-color-plaid-cleaning-cloth-g417198.html,4pcs Dust Cleaning Cloth Set Solid High Quality Color Plaid Cleaning Cloth,Cleaning Tools
1754,$8.99,,https://www.jollychic.com/p/4pcs-dust-cleaning-cloth-set-cute-cartoon-printing-duster-cloth-g429272.html,4pcs Dust Cleaning Cloth Set Cute Cartoon Printing Duster Cloth,Cleaning Tools
156,$2.99,$5.99,https://www.jollychic.com/p/2pcs-cleaning-blade-set-kitchen-use-cleaning-blade-g449706.html,2PCS Cleaning Blade Set Kitchen Use Cleaning Blade,Cleaning Tools
29,$10.99,,https://www.jollychic.com/p/dish-cleaning-brush-set-convenient-dish-washing-brush-set-g453706.html,Dish Cleaning Brush Set Convenient Dish Washing Brush Set,Cleaning Tools
331,$2.99,$3.99,https://www.jollychic.com/p/one-piece-cleaning-sponge-set-btriangle-shape-cleaning-sponge-g476862.html,One Piece Cleaning Sponge Set bTriangle Shape Cleaning Sponge,Cleaning Tools
513,$1.99,$3.99,https://www.jollychic.com/p/rubber-gloves-protect-hands-kitchen-dishwashing-gloves-g489794.html,Rubber Gloves Protect Hands Kitchen Dishwashing Gloves,Cleaning Tools
640,$5.99,,https://www.jollychic.com/p/kitchen-cleaning-glove-thicken-latex-waterproof-washing-gloves-g504484.html,Kitchen Cleaning Glove Thicken Latex Waterproof Washing Gloves,Cleaning Tools
775,$1.99,$3.99,https://www.jollychic.com/p/pot-brush-strong-decontamination-long-handle-cleaning-brush-g505674.html,Pot Brush Strong Decontamination Long Handle Cleaning Brush,Cleaning Tools
204,$2.99,,https://www.jollychic.com/p/5pcs-washing-sponge-block-set-candy-colored-cleaning-blocks-with-mesh-g513352.html,5Pcs Washing Sponge Block Set Candy Colored Cleaning Blocks With Mesh,Cleaning Tools
220,$0.99,$1.99,https://www.jollychic.com/p/one-piece-cleaning-cloth-colored-plaid-soft-cleaning-rags-g520060.html,One Piece Cleaning Cloth Colored Plaid Soft Cleaning Rags,Cleaning Tools
219,$2.99,,https://www.jollychic.com/p/cleaning-brush-multi-uses-computer-keyboard-hanging-brush-g535418.html,Cleaning Brush Multi Uses Computer Keyboard Hanging Brush,Cleaning Tools
2048,$1.99,$2.99,https://www.jollychic.com/p/kitchen-cleaning-gloves-patchwork-waterproof-rubber-gloves-g536410.html,Kitchen Cleaning Gloves Patchwork Waterproof Rubber Gloves,Cleaning Tools
62,$3.99,,https://www.jollychic.com/p/washboard-mini-candy-color-rabbit-shape-household-laundry-board-g629680.html,Washboard Mini Candy Color Rabbit Shape Household Laundry Board,Cleaning Tools
68,$10.99,,https://www.jollychic.com/p/10pcs-dish-cloth-household-oil-absorption-square-mini-cleaning-cloth-g646322.html,10Pcs Dish Cloth Household Oil Absorption Square Mini Cleaning Cloth,Cleaning Tools
73,$27.99,,https://www.jollychic.com/p/glass-windshield-scraper-snow-removal-bathroom-moisture-cleaning-tool-g664338.html,Glass Windshield Scraper Snow Removal Bathroom Moisture Cleaning Tool,Cleaning Tools
315,$10.99,$18.99,https://www.jollychic.com/p/glass-scraper-water-removal-household-glass-windshield-cleaner-g664340.html,Glass Scraper Water Removal Household Glass Windshield Cleaner,Cleaning Tools
199,$2.99,$9.99,https://www.jollychic.com/p/3pcs-kitchen-gloves-set-candy-color-solid-kitchen-housework-cleaning-gloves-g664658.html,3Pcs Kitchen Gloves Set Candy Color Solid Kitchen Housework Cleaning Gloves,Cleaning Tools
114,$10.99,,https://www.jollychic.com/p/2pcs-garden-work-latex-gloves-rubber-polyester-working-gloves-g671654.html,2Pcs Garden Work Latex Gloves Rubber Polyester Working Gloves,Cleaning Tools
213,$4.99,,https://www.jollychic.com/p/dried-cloth-one-time-home-useful-dust-cleaning-towel-g671658.html,Dried Cloth One Time Home Useful Dust Cleaning Towel,Cleaning Tools
73,$2.99,,https://www.jollychic.com/p/1pc-kitchen-cleaning-cloth-fresh-flowers-pattern-oil-free-washing-towel-g677024.html,1Pc Kitchen Cleaning Cloth Fresh Flowers Pattern Oil Free Washing Towel,Cleaning Tools
132,$3.99,,https://www.jollychic.com/p/1pc-cleaning-brush-durable-multi-functional-detachable-window-cleaning-tool-g714214.html,1Pc Cleaning Brush Durable Multi Functional Detachable Window Cleaning Tool,Cleaning Tools
175,$1.99,$2.99,https://www.jollychic.com/p/shoes-brush-multifunctional-durable-long-handle-home-brush-g719558.html,Shoes Brush Multifunctional Durable Long Handle Home Brush,Cleaning Tools
80,$3.99,$8.99,https://www.jollychic.com/p/1pc-cleaning-brush-multipurpose-household-long-handle-bed-cleaning-brush-g784374.html,1Pc Cleaning Brush Multipurpose Household Long Handle Bed Cleaning Brush,Cleaning Tools
228,$2.99,$5.99,https://www.jollychic.com/p/1pc-cleaning-brush-creative-sunflower-shaped-household-pan-brush-g800710.html,1Pc Cleaning Brush Creative Sunflower Shaped Household Pan Brush,Cleaning Tools
666,$56.00,$102.00,https://www.jollychic.com/p/electronic-cleaning-brush-novel-multifunctional-sofa-cleaning-brush-g805354.html,Electronic Cleaning Brush Novel Multifunctional Sofa Cleaning Brush,Cleaning Tools
66,$1.00,,https://www.jollychic.com/p/1pc-cleaning-brush-household-multifunction-handle-nail-shoes-floor-brush-g862864.html,1Pc Cleaning Brush Household Multifunction Handle Nail Shoes Floor Brush,Cleaning Tools
10,$1.99,,https://www.jollychic.com/p/cleaning-brush-portable-snow-boots-scrub-fur-cleaner-g862866.html,Cleaning Brush Portable Snow Boots Scrub Fur Cleaner,Cleaning Tools
35,$1.99,,https://www.jollychic.com/p/cleaning-brush-multifunction-portable-computer-keyboard-window-groove-brush-g862868.html,Cleaning Brush Multifunction Portable Computer Keyboard Window Groove Brush,Cleaning Tools
19,$14.99,$30.99,https://www.jollychic.com/p/durable-double-surface-magnetic-aquarium-fish-tank-glass-cleaner-scraper-g867672.html,Durable Double Surface Magnetic Aquarium Fish Tank Glass Cleaner Scraper,Cleaning Tools
3,$9.99,,https://www.jollychic.com/p/4-pcs-glass-sealant-angle-corner-spreaders-set-spatula-rubber-scraper-g871070.html,4 Pcs Glass Sealant Angle Corner Spreaders Set Spatula Rubber Scraper,Cleaning Tools
66,$0.99,$1.99,https://www.jollychic.com/p/sponge-cleaning-brush-with-handle-home-cleaning-dust-tool-g873580.html,Sponge Cleaning Brush With Handle Home Cleaning Dust Tool,Cleaning Tools
40,$15.99,,https://www.jollychic.com/p/pad-diy-painting-kit-roller-set-multifunctional-room-cleaning-tool-g874108.html,Pad DIY Painting Kit Roller Set Multifunctional Room Cleaning Tool,Cleaning Tools
33,$1.99,$4.99,https://www.jollychic.com/p/1pc-bathroom-toilet-sink-bathtub-tile-floor-long-handle-cleaning-sponge-brush-g875202.html,1Pc Bathroom Toilet Sink Bathtub Tile Floor Long Handle Cleaning Sponge Brush,Cleaning Tools
13,$0.99,$2.99,https://www.jollychic.com/p/1pc-cleaning-brush-useful-multi-functional-bath-tub-wiping-brush-g889660.html,1Pc Cleaning Brush Useful Multi Functional Bath Tub Wiping Brush,Cleaning Tools
27,$5.99,,https://www.jollychic.com/p/2-pcs-washing-cloth-set-simple-solid-water-absorption-soft-cleaning-cloth-g889666.html,2 Pcs Washing Cloth Set Simple Solid Water Absorption Soft Cleaning Cloth,Cleaning Tools
22,$3.99,,https://www.jollychic.com/p/4-pcs-kitchen-dish-washing-blocks-set-durable-mesh-cleaner-g892212.html,4 Pcs Kitchen Dish Washing Blocks Set Durable Mesh Cleaner,Cleaning Tools
180,$9.99,,https://www.jollychic.com/p/drag-harrow-white-pp-stainless-steel-free-hand-wash-domestic-cleaner-g899680.html,Drag Harrow White PP & Stainless Steel Free Hand Wash Domestic Cleaner,Cleaning Tools
80,$7.99,,https://www.jollychic.com/p/pet-massage-bath-glove-anti-shedding-soft-silicone-glove-with-magic-stick-g917692.html,Pet Massage Bath Glove Anti Shedding Soft Silicone Glove With Magic Stick,Cleaning Tools
289,$17.99,,https://www.jollychic.com/p/1pc-toilet-brush-simple-designed-plastic-brush-with-landing-base-g924778.html,1Pc Toilet Brush Simple Designed Plastic Brush With Landing Base,Cleaning Tools
68,$2.99,$5.99,https://www.jollychic.com/p/cleaning-towel-water-absorption-supple-solid-multifunctional-home-cleaning-tool-g970680.html,Cleaning Towel Water Absorption Supple Solid Multifunctional Home Cleaning Tool,Cleaning Tools
59,$1.99,$3.99,https://www.jollychic.com/p/cleaning-brush-thicken-simple-antislipping-useful-home-dust-cleaning-tool-g1020130.html,Cleaning Brush Thicken Simple Antislipping Useful Home Dust Cleaning Tool,Cleaning Tools
418,$7.99,,https://www.jollychic.com/p/5-pcs-cleaning-brushes-set-home-kitchen-useful-ecofriendly-cleaning-tools-g1034348.html,5 Pcs Cleaning Brushes Set Home Kitchen Useful Ecofriendly Cleaning Tools,Cleaning Tools
360,$7.99,,https://www.jollychic.com/p/10-pcs-kitchen-cleaning-balls-set-stainless-steel-durable-home-washing-tool-g1034358.html,10 Pcs Kitchen Cleaning Balls Set Stainless Steel Durable Home Washing Tool,Cleaning Tools
52,$6.99,,https://www.jollychic.com/p/cleaning-gloves-thick-bright-yellow-multipurpose-golves-g1040950.html,Cleaning Gloves Thick Bright Yellow Multipurpose Golves,Cleaning Tools
15,$8.99,$17.99,https://www.jollychic.com/p/10-pcs-cleaning-cloths-home-use-kitchen-baboom-fiber-cloths-g1045166.html,10 Pcs Cleaning Cloths Home Use Kitchen Baboom Fiber Cloths,Cleaning Tools
10,$3.99,$7.99,https://www.jollychic.com/p/5-pcs-cleaning-brushes-set-durable-sponge-dust-removal-cleaners-set-g1058360.html,5 Pcs Cleaning Brushes Set Durable Sponge Dust Removal Cleaners Set,Cleaning Tools
9,$0.99,$2.99,https://www.jollychic.com/p/1-pc-cleaning-brush-multiuse-sponge-kitchen-tool-pot-cleaning-brush-g1076028.html,1 Pc Cleaning Brush Multiuse Sponge Kitchen Tool Pot Cleaning Brush,Cleaning Tools
45,$2.99,$5.99,https://www.jollychic.com/p/brush-soft-wood-handle-bed-sofa-dust-remove-brush-g1076050.html,Brush Soft Wood Handle Bed Sofa Dust Remove Brush,Cleaning Tools
14,$1.99,$3.99,https://www.jollychic.com/p/1-pc-cleaning-cloth-multipurpose-disposable-dish-towel-g1076096.html,1 Pc Cleaning Cloth Multipurpose Disposable Dish Towel,Cleaning Tools
23,$2.99,$6.99,https://www.jollychic.com/p/cleaning-brush-wood-handle-dishes-cleaning-bush-kitchen-tool-g1076118.html,Cleaning Brush Wood Handle Dishes Cleaning Bush Kitchen Tool,Cleaning Tools
51,$3.99,$7.99,https://www.jollychic.com/p/6-pcs-hand-towels-cute-solid-color-hanging-clothes-hanging-towels-g1078518.html,6 Pcs Hand Towels Cute Solid Color Hanging Clothes Hanging Towels,Cleaning Tools
60,$0.99,$1.99,https://www.jollychic.com/p/kitchen-bowl-washing-cloth-unique-solid-strong-water-absorption-home-cleaner-g1082346.html,Kitchen Bowl Washing Cloth Unique Solid Strong Water Absorption Home Cleaner,Cleaning Tools
13,$4.99,$10.99,https://www.jollychic.com/p/3-pcs-cleaning-cloths-set-ecofriendly-convenient-disposable-home-tool-g1082348.html,3 Pcs Cleaning Cloths Set Ecofriendly Convenient Disposable Home Tool,Cleaning Tools
27,$2.99,$6.99,https://www.jollychic.com/p/2-pair-household-gloves-set-waterproof-warm-dishwashing-cleaning-rubber-glove-g1091044.html,2 Pair Household Gloves Set Waterproof Warm Dishwashing Cleaning Rubber Glove,Cleaning Tools
16,$1.99,$5.99,https://www.jollychic.com/p/cleaning-sponge-simple-rectangle-solid-derusting-home-durable-cleaner-g1091440.html,Cleaning Sponge Simple Rectangle Solid Derusting Home Durable Cleaner,Cleaning Tools
109,$0.99,$2.99,https://www.jollychic.com/p/2-pcs-cleaning-brushes-set-novel-360-degrees-rotating-sponge-cup-brush-g1101414.html,2 Pcs Cleaning Brushes Set Novel 360 Degrees Rotating Sponge Cup Brush,Cleaning Tools
4,$0.99,$2.99,https://www.jollychic.com/p/bathroom-toilet-brush-long-handle-soft-hair-round-toe-toilet-cleaner-g1108316.html,Bathroom Toilet Brush Long Handle Soft Hair Round Toe Toilet Cleaner,Cleaning Tools
25,$9.99,,https://www.jollychic.com/p/sticky-picker-portable-washable-lint-pet-hair-remover-roller-g1108322.html,Sticky Picker Portable Washable Lint Pet Hair Remover Roller,Cleaning Tools
56,$2.99,$3.99,https://www.jollychic.com/p/1pc-dish-cloth-hanging-cartoon-design-flower-shaped-thicken-dust-cloth-g1108382.html,1Pc Dish Cloth Hanging Cartoon Design Flower Shaped Thicken Dust Cloth,Cleaning Tools
14,$1.99,$4.99,https://www.jollychic.com/p/cleaning-cloth-multipurpose-striped-disposable-dish-towel-g1116762.html,Cleaning Cloth Multipurpose Striped Disposable Dish Towel,Cleaning Tools
54,$9.99,$16.99,https://www.jollychic.com/p/broom-set-simple-solid-color-home-use-cleaning-tools-broom-and-dustpan-set-g1116788.html,Broom Set Simple Solid Color Home Use Cleaning Tools Broom and Dustpan Set,Cleaning Tools
20,$1.99,$3.99,https://www.jollychic.com/p/1-pc-cleaning-brush-long-handle-dish-pan-cleaning-bush-kitchen-tool-g1118836.html,1 Pc Cleaning Brush Long Handle Dish Pan Cleaning Bush Kitchen Tool,Cleaning Tools
16,$1.99,$3.99,https://www.jollychic.com/p/1-pc-cleaning-brush-simple-solid-color-kitchen-cleaning-brush-creative-kitchen-tool-g1118848.html,1 Pc Cleaning Brush Simple Solid Color Kitchen Cleaning Brush Creative Kitchen Tool,Cleaning Tools
22,$1.99,$3.99,https://www.jollychic.com/p/kitchen-pot-cleaning-brush-natural-non-sticky-bamboo-made-cleaner-g1121128.html,Kitchen Pot Cleaning Brush Natural Non Sticky Bamboo Made Cleaner,Cleaning Tools
28,$0.99,$2.99,https://www.jollychic.com/p/2-pcs-home-cleaning-broom-set-mini-simple-handheld-cleaning-tools-set-g1131152.html,2 Pcs Home Cleaning Broom Set Mini Simple Handheld Cleaning Tools Set,Cleaning Tools
9,$11.99,$18.99,https://www.jollychic.com/p/9-pcs-sponge-blocks-set-kitchen-dust-removal-washing-tools-g1131190.html,9 Pcs Sponge Blocks Set Kitchen Dust Removal Washing Tools,Cleaning Tools
15,$5.99,,https://www.jollychic.com/p/cleaning-brush-long-handle-multipurpose-home-use-cleaning-brush-g1156422.html,Cleaning Brush Long Handle Multipurpose Home Use Cleaning Brush,Cleaning Tools
18,$0.99,$1.99,https://www.jollychic.com/p/shoes-washing-brush-cute-foot-design-durable-home-cleaning-tool-g1160172.html,Shoes Washing Brush Cute Foot Design Durable Home Cleaning Tool,Cleaning Tools
30,$5.99,,https://www.jollychic.com/p/2pcs-window-groove-cleaning-brush-set-multipurpose-mini-useful-brushes-g1171094.html,2Pcs Window Groove Cleaning Brush Set Multipurpose Mini Useful Brushes,Cleaning Tools
36,$7.99,,https://www.jollychic.com/p/elbow-bottle-brush-simple-durable-home-cleaning-bottle-brush-g1171112.html,Elbow Bottle Brush Simple Durable Home Cleaning Bottle Brush,Cleaning Tools
1,$1.99,$5.99,https://www.jollychic.com/p/3-pcs-bowl-washing-brush-unique-supple-solid-vegetable-sponge-g1174404.html,3 Pcs Bowl Washing Brush Unique Supple Solid Vegetable Sponge,Cleaning Tools
6,$1.99,$4.99,https://www.jollychic.com/p/5-pcs-cleaning-wipers-set-double-sided-simple-dust-removal-brushes-g1174434.html,5 Pcs Cleaning Wipers Set Double Sided Simple Dust Removal Brushes,Cleaning Tools
10,$4.99,,https://www.jollychic.com/p/12-pcs-home-kitchen-cleaning-blocks-set-simple-thick-rectangle-wipers-g1174994.html,12 Pcs Home Kitchen Cleaning Blocks Set Simple Thick Rectangle Wipers,Cleaning Tools
124,$4.99,$5.99,https://www.jollychic.com/p/cleaning-brush-multi-function-car-window-bathroom-kitchen-cleaning-brush-g1185944.html,Cleaning Brush Multi Function Car Window Bathroom Kitchen Cleaning Brush,Cleaning Tools
6,$4.99,,https://www.jollychic.com/p/outdoor-barbecue-cleaning-brush-copper-wire-three-in-one-triangular-brush-g1187722.html,Outdoor Barbecue Cleaning Brush Copper Wire Three in One Triangular Brush,Cleaning Tools
16,$1.99,$3.99,https://www.jollychic.com/p/1pc-cleaning-cloth-thicken-water-absorbtion-kitchen-multifunctions-wash-cloth-g1209378.html,1Pc Cleaning Cloth Thicken Water Absorbtion Kitchen Multifunctions Wash Cloth,Cleaning Tools
24,$4.99,,https://www.jollychic.com/p/replacement-microfiber-mop-head-fit-flat-spray-mop-household-cleaning-tool-g1215216.html,Replacement Microfiber Mop Head Fit Flat Spray Mop Household Cleaning Tool,Cleaning Tools
18,$1.99,$5.99,https://www.jollychic.com/p/1-pc-cleaning-brush-creative-kitchen-cleaning-brush-practical-cleaning-tool-g1240828.html,1 Pc Cleaning Brush Creative Kitchen Cleaning Brush Practical Cleaning Tool,Cleaning Tools
7,$2.99,$6.99,https://www.jollychic.com/p/5-pcs-kitchen-cleaning-cloths-set-simple-colored-square-shaped-soft-cleaners-g1256060.html,5 Pcs Kitchen Cleaning Cloths Set Simple Colored Square Shaped Soft Cleaners,Cleaning Tools
10,$5.99,,https://www.jollychic.com/p/1pc-bootle-brush-multifunctional-foldable-sponge-cup-cleaning-tool-g1256126.html,1Pc Bootle Brush Multifunctional Foldable Sponge Cup Cleaning Tool,Cleaning Tools
28,$1.99,$3.99,https://www.jollychic.com/p/1pc-bootle-brush-simple-durable-sponge-cleaning-tool-cup-brush-g1256128.html,1Pc Bootle Brush Simple Durable Sponge Cleaning Tool Cup brush,Cleaning Tools
62,$5.99,,https://www.jollychic.com/p/one-pair-kitchen-cleaning-gloves-set-thicken-warm-useful-housework-gloves-g1269172.html,One Pair Kitchen Cleaning Gloves Set Thicken Warm Useful Housework Gloves,Cleaning Tools
10,$6.99,$10.99,https://www.jollychic.com/p/4-pcs-kitchen-cleaning-cloths-set-water-absorption-soft-bowl-washing-towels-g1273878.html,4 Pcs Kitchen Cleaning Cloths Set Water Absorption Soft Bowl Washing Towels,Cleaning Tools
14,$1.99,$3.99,https://www.jollychic.com/p/1pc-home-cleaning-cloth-simple-super-soft-thick-square-cloths-g1273884.html,1Pc Home Cleaning Cloth Simple Super Soft Thick Square Cloths,Cleaning Tools
6,$1.99,$3.99,https://www.jollychic.com/p/1pc-kitchen-bowl-washing-cloth-water-absorption-anti-oil-cleaner-g1273886.html,1Pc Kitchen Bowl Washing Cloth Water Absorption Anti Oil Cleaner,Cleaning Tools
25,$5.99,,https://www.jollychic.com/p/1-pc-cleaning-brush-multi-function-car-kitchen-cleaning-brush-g1293254.html,1 Pc Cleaning Brush Multi-function Car Kitchen Cleaning Brush,Cleaning Tools
26,$6.99,,https://www.jollychic.com/p/cleaning-gloves-thick-candy-color-multipurpose-golves-g1293268.html,Cleaning Gloves Thick Candy Color Multipurpose Golves,Cleaning Tools
7,$3.99,$8.99,https://www.jollychic.com/p/cleaning-brush-creative-kitchen-cleaning-brush-window-groove-cleaning-tool-g1294078.html,Cleaning Brush Creative Kitchen Cleaning Brush Window Groove Cleaning Tool,Cleaning Tools
16,$1.99,$8.99,https://www.jollychic.com/p/1-pc-toilet-brush-unique-back-brush-design-cleaning-tool-g1294088.html,1 Pc Toilet Brush Unique Back Brush Design Cleaning Tool,Cleaning Tools
8,$25.99,,https://www.jollychic.com/p/1-pc-cleaning-brush-multi-directions-toilet-brush-washing-room-groove-cleaner-brush-g1306430.html,1 Pc Cleaning Brush Multi Directions Toilet Brush Washing Room Groove Cleaner Brush,Cleaning Tools
4,$6.99,,https://www.jollychic.com/p/1-pc-cleaning-brushes-handle-sponge-bathtub-kitchen-brushes-g1307434.html,1 Pc Cleaning Brushes Handle Sponge Bathtub Kitchen Brushes,Cleaning Tools
7,$8.99,,https://www.jollychic.com/p/1-pc-bathroom-cleaning-brush-s-shape-bent-handle-toilet-cleaner-g1307444.html,1 Pc Bathroom Cleaning Brush S Shape Bent Handle Toilet Cleaner,Cleaning Tools
14,$12.99,$37.99,https://www.jollychic.com/p/1-pc-cleaning-brush-lovely-bear-doll-decoration-useful-dust-removal-tool-g1313218.html,1 Pc Cleaning Brush Lovely Bear Doll Decoration Useful Dust Removal Tool,Cleaning Tools
9,$8.99,,https://www.jollychic.com/p/home-kitchen-cleaning-gloves-fresh-floral-pattern-long-rubber-gloves-g1336644.html,Home Kitchen Cleaning Gloves Fresh Floral Pattern Long Rubber Gloves,Cleaning Tools
38,$1.99,$4.99,https://www.jollychic.com/p/kitchen-cup-cleaning-brush-simple-supple-sponge-head-durable-brush-g1336940.html,Kitchen Cup Cleaning Brush Simple Supple Sponge Head Durable Brush,Cleaning Tools
30,$2.99,$6.99,https://www.jollychic.com/p/bathroom-toilet-brush-brief-design-back-hair-useful-cleaning-tool-g1337046.html,Bathroom Toilet Brush Brief Design Back Hair Useful Cleaning Tool,Cleaning Tools
5,$4.99,,https://www.jollychic.com/p/1-pc-cleaning-cloth-simple-solid-color-kitchen-towel-g1345120.html,1 Pc Cleaning Cloth Simple Solid Color Kitchen Towel,Cleaning Tools
4,$0.99,$4.99,https://www.jollychic.com/p/4-pcs-cleaning-cloths-home-use-kitchen-cleaning-cloths-g1360510.html,4 Pcs Cleaning Cloths Home Use Kitchen Cleaning Cloths,Cleaning Tools
103,$4.99,$14.99,https://www.jollychic.com/p/1pc-clothes-washing-brush-novel-block-shaped-silicone-durable-brush-g1366276.html,1Pc Clothes Washing Brush Novel Block Shaped Silicone Durable Brush,Cleaning Tools
15,$5.99,$15.99,https://www.jollychic.com/p/5-pcs-cleaning-gloves-set-macaron-color-waterproof-durable-kitchen-gloves-g1384564.html,5 Pcs Cleaning Gloves Set Macaron Color Waterproof Durable Kitchen Gloves,Cleaning Tools
3,$0.99,$4.99,https://www.jollychic.com/p/2-pcs-cleaning-cloths-simple-practical-multipurpose-cleaning-towels-g1385694.html,2 Pcs Cleaning Cloths Simple Practical Multipurpose Cleaning Towels,Cleaning Tools
11,$5.99,$16.99,https://www.jollychic.com/p/6-pcs-cleaning-cloths-simple-solid-color-practical-multipurpose-cleaning-towels-g1385700.html,6 Pcs Cleaning Cloths Simple Solid Color Practical Multipurpose Cleaning Towels,Cleaning Tools
4,$3.99,,https://www.jollychic.com/p/1-pc-shoe-brush-solid-color-portable-cleaning-brush-multiuse-brush-g1386458.html,1 Pc Shoe Brush Solid Color Portable Cleaning Brush Multiuse Brush,Cleaning Tools
4,$7.99,,https://www.jollychic.com/p/2-pcs-home-cleaning-cloths-set-solid-comfortable-durable-cleaners-g1386554.html,2 Pcs Home Cleaning Cloths Set Solid Comfortable Durable Cleaners,Cleaning Tools
32,$7.99,,https://www.jollychic.com/p/6-pcs-bottle-washing-brushes-set-simple-sponge-soft-kitchen-cleaning-brush-g1386560.html,6 Pcs Bottle Washing Brushes Set Simple Sponge Soft Kitchen Cleaning Brush,Cleaning Tools
3,$7.99,,https://www.jollychic.com/p/4-pcs-kitchen-cleaning-blocks-set-colored-thick-sponge-brushes-g1386564.html,4 Pcs Kitchen Cleaning Blocks Set Colored Thick Sponge Brushes,Cleaning Tools
3,$7.99,,https://www.jollychic.com/p/6-pcs-washing-sponge-blocks-set-simple-solid-white-multiuse-brushes-g1386566.html,6 Pcs Washing Sponge Blocks Set Simple Solid White Multiuse Brushes,Cleaning Tools
5,$6.99,,https://www.jollychic.com/p/mini-broom-set-simple-solid-color-keyboard-cleaning-brush-mini-broom-and-dustpan-set-g1386722.html,Mini Broom Set Simple Solid Color Keyboard Cleaning Brush Mini Broom and Dustpan Set,Cleaning Tools
8,$0.99,$4.99,https://www.jollychic.com/p/2-pcs-cleaning-cloths-simple-solid-color-practical-multipurpose-cleaning-towels-g1387732.html,2 Pcs Cleaning Cloths Simple Solid Color Practical Multipurpose Cleaning Towels,Cleaning Tools
6,$1.99,$6.99,https://www.jollychic.com/p/1pc-home-cleaning-brush-multi-functional-solid-durable-shoes-brush-g1444312.html,1Pc Home Cleaning Brush Multi Functional Solid Durable Shoes Brush,Cleaning Tools
12,$1.99,$5.99,https://www.jollychic.com/p/kitchen-vegetable-brush-multi-functional-durable-fruit-washing-brush-g1445274.html,Kitchen Vegetable Brush Multi Functional Durable Fruit Washing Brush,Cleaning Tools
4,$4.99,$12.99,https://www.jollychic.com/p/5-pcs-bowls-cleaning-brushes-set-long-handle-steel-wire-head-washing-brush-g1453530.html,5 Pcs Bowls Cleaning Brushes Set Long Handle Steel Wire Head Washing Brush,Cleaning Tools
20,$0.99,$4.99,https://www.jollychic.com/p/1-pc-cleaning-brush-simple-solid-color-pot-cup-cleaning-brush-practical-kitchen-tool-g1480514.html,1 Pc Cleaning Brush Simple Solid Color Pot Cup Cleaning Brush Practical Kitchen Tool,Cleaning Tools
7,$9.99,,https://www.jollychic.com/p/1-pc-cleaning-brush-pot-cup-cleaning-brush-practical-kitchen-tool-g1488652.html,1 Pc Cleaning Brush Pot Cup Cleaning Brush Practical Kitchen Tool,Cleaning Tools
23,$11.99,$28.99,https://www.jollychic.com/p/1-pc-toilet-cleaning-brush-long-handle-bathroom-brush-holder-and-brush-set-g1488672.html,1 Pc Toilet Cleaning Brush Long Handle Bathroom Brush Holder and Brush Set,Cleaning Tools
13,$4.99,,https://www.jollychic.com/p/2-pcs-mini-desk-cleaning-tools-set-simple-cleaning-broom-with-dustpan-set-g1535234.html,2 Pcs Mini Desk Cleaning Tools Set Simple Cleaning Broom With Dustpan Set,Cleaning Tools
6,$2.99,$9.99,https://www.jollychic.com/p/10-pcs-cleaning-brushes-solid-color-practical-shoe-cleaning-brushes-g1550394.html,10 Pcs Cleaning Brushes Solid Color Practical Shoe Cleaning Brushes,Cleaning Tools
14,$3.99,$17.99,https://www.jollychic.com/p/2-pcs-cleaning-gloves-thick-water-absorption-multipurpose-golves-g1551824.html,2 Pcs Cleaning Gloves Thick Water Absorption Multipurpose Golves,Cleaning Tools
151,$3.99,,https://www.jollychic.com/p/cleaning-brush-practical-removable-head-sponge-long-handle-cleaner-g885532.html,Cleaning Brush Practical Removable Head Sponge Long Handle Cleaner,Cleaning Tools
8,$4.99,$12.99,https://www.jollychic.com/p/6-pcs-kitchen-cleaning-brushes-set-hydraumatic-durable-pot-washing-brush-g1482282.html,6 Pcs Kitchen Cleaning Brushes Set Hydraumatic Durable Pot Washing Brush,Cleaning Tools
13,$3.99,$12.99,https://www.jollychic.com/p/kitchen-pot-washing-brush-natural-fiber-long-handle-cleaning-brush-g1535182.html,Kitchen Pot Washing Brush Natural Fiber Long Handle Cleaning Brush,Cleaning Tools
